ISO-10303-21;
HEADER;
/* Generated by software containing ST-Developer
 * from STEP Tools, Inc. (www.steptools.com) 
 */

FILE_DESCRIPTION(
/* description */ (''),
/* implementation_level */ '2;1');

FILE_NAME(
/* name */ 'Prototype_Part_1.step',
/* time_stamp */ '2026-05-05T20:54:00+02:00',
/* author */ (''),
/* organization */ (''),
/* preprocessor_version */ 'ST-DEVELOPER v20.1',
/* originating_system */ 'Autodesk Translation Framework v15.8.0.0',
/* authorisation */ '');

FILE_SCHEMA (('AUTOMOTIVE_DESIGN { 1 0 10303 214 3 1 1 }'));
ENDSEC;

DATA;
#10=MECHANICAL_DESIGN_GEOMETRIC_PRESENTATION_REPRESENTATION('',(#13,#14,
#15),#3726);
#11=SHAPE_REPRESENTATION_RELATIONSHIP('SRR','None',#3733,#12);
#12=ADVANCED_BREP_SHAPE_REPRESENTATION('',(#16,#17,#18),#3725);
#13=STYLED_ITEM('',(#3742),#16);
#14=STYLED_ITEM('',(#3742),#17);
#15=STYLED_ITEM('',(#3742),#18);
#16=MANIFOLD_SOLID_BREP('Body1',#1287);
#17=MANIFOLD_SOLID_BREP('Body3',#1288);
#18=MANIFOLD_SOLID_BREP('Body4',#1289);
#19=B_SPLINE_SURFACE_WITH_KNOTS('',3,3,((#2333,#2334,#2335,#2336,#2337,
#2338,#2339,#2340,#2341,#2342,#2343,#2344,#2345,#2346,#2347,#2348,#2349,
#2350,#2351,#2352,#2353,#2354,#2355,#2356,#2357,#2358,#2359,#2360,#2361,
#2362,#2363),(#2364,#2365,#2366,#2367,#2368,#2369,#2370,#2371,#2372,#2373,
#2374,#2375,#2376,#2377,#2378,#2379,#2380,#2381,#2382,#2383,#2384,#2385,
#2386,#2387,#2388,#2389,#2390,#2391,#2392,#2393,#2394),(#2395,#2396,#2397,
#2398,#2399,#2400,#2401,#2402,#2403,#2404,#2405,#2406,#2407,#2408,#2409,
#2410,#2411,#2412,#2413,#2414,#2415,#2416,#2417,#2418,#2419,#2420,#2421,
#2422,#2423,#2424,#2425),(#2426,#2427,#2428,#2429,#2430,#2431,#2432,#2433,
#2434,#2435,#2436,#2437,#2438,#2439,#2440,#2441,#2442,#2443,#2444,#2445,
#2446,#2447,#2448,#2449,#2450,#2451,#2452,#2453,#2454,#2455,#2456)),
 .UNSPECIFIED.,.F.,.F.,.F.,(4,4),(4,1,1,1,1,1,1,1,1,1,1,1,1,1,1,1,1,1,1,
1,1,1,1,1,1,1,1,1,4),(0.,0.0321584099938621),(11.8553612635793,12.825122467882,
13.7948836721847,14.7646448764874,15.7344060807901,16.7041672850927,17.6739284893954,
18.6436896936981,19.6134508980008,20.5832121023035,21.5529733066062,22.5227345109089,
23.4924957152116,24.4622569195143,25.4320181238169,26.4017793281196,27.3715405324223,
28.341301736725,29.3110629410277,30.2808241453304,31.2505853496331,32.2203465539358,
33.1901077582385,34.1598689625411,35.1296301668438,36.0993913711465,37.0691525754492,
38.0389137797519,39.0086749840546),.UNSPECIFIED.);
#20=B_SPLINE_SURFACE_WITH_KNOTS('',3,3,((#2643,#2644,#2645,#2646,#2647,
#2648,#2649,#2650,#2651,#2652,#2653,#2654,#2655,#2656,#2657,#2658,#2659,
#2660,#2661,#2662,#2663,#2664,#2665,#2666,#2667,#2668,#2669,#2670,#2671,
#2672,#2673),(#2674,#2675,#2676,#2677,#2678,#2679,#2680,#2681,#2682,#2683,
#2684,#2685,#2686,#2687,#2688,#2689,#2690,#2691,#2692,#2693,#2694,#2695,
#2696,#2697,#2698,#2699,#2700,#2701,#2702,#2703,#2704),(#2705,#2706,#2707,
#2708,#2709,#2710,#2711,#2712,#2713,#2714,#2715,#2716,#2717,#2718,#2719,
#2720,#2721,#2722,#2723,#2724,#2725,#2726,#2727,#2728,#2729,#2730,#2731,
#2732,#2733,#2734,#2735),(#2736,#2737,#2738,#2739,#2740,#2741,#2742,#2743,
#2744,#2745,#2746,#2747,#2748,#2749,#2750,#2751,#2752,#2753,#2754,#2755,
#2756,#2757,#2758,#2759,#2760,#2761,#2762,#2763,#2764,#2765,#2766)),
 .UNSPECIFIED.,.F.,.F.,.F.,(4,4),(4,1,1,1,1,1,1,1,1,1,1,1,1,1,1,1,1,1,1,
1,1,1,1,1,1,1,1,1,4),(0.,0.0321584099938621),(14.3984001269718,15.3681613312745,
16.3379225355772,17.3076837398799,18.2774449441826,19.2472061484853,20.216967352788,
21.1867285570906,22.1564897613933,23.126250965696,24.0960121699987,25.0657733743014,
26.0355345786041,27.0052957829068,27.9750569872095,28.9448181915122,29.9145793958148,
30.8843406001175,31.8541018044202,32.8238630087229,33.7936242130256,34.7633854173283,
35.733146621631,36.7029078259337,37.6726690302363,38.642430234539,39.6121914388417,
40.5819526431444,41.5517138474471),.UNSPECIFIED.);
#21=B_SPLINE_SURFACE_WITH_KNOTS('',3,3,((#3146,#3147,#3148,#3149,#3150,
#3151,#3152,#3153,#3154,#3155,#3156,#3157,#3158,#3159,#3160,#3161,#3162,
#3163,#3164,#3165,#3166,#3167,#3168,#3169,#3170,#3171,#3172,#3173,#3174,
#3175,#3176),(#3177,#3178,#3179,#3180,#3181,#3182,#3183,#3184,#3185,#3186,
#3187,#3188,#3189,#3190,#3191,#3192,#3193,#3194,#3195,#3196,#3197,#3198,
#3199,#3200,#3201,#3202,#3203,#3204,#3205,#3206,#3207),(#3208,#3209,#3210,
#3211,#3212,#3213,#3214,#3215,#3216,#3217,#3218,#3219,#3220,#3221,#3222,
#3223,#3224,#3225,#3226,#3227,#3228,#3229,#3230,#3231,#3232,#3233,#3234,
#3235,#3236,#3237,#3238),(#3239,#3240,#3241,#3242,#3243,#3244,#3245,#3246,
#3247,#3248,#3249,#3250,#3251,#3252,#3253,#3254,#3255,#3256,#3257,#3258,
#3259,#3260,#3261,#3262,#3263,#3264,#3265,#3266,#3267,#3268,#3269)),
 .UNSPECIFIED.,.F.,.F.,.F.,(4,4),(4,1,1,1,1,1,1,1,1,1,1,1,1,1,1,1,1,1,1,
1,1,1,1,1,1,1,1,1,4),(0.,0.0321584099938621),(11.8553612635793,12.825122467882,
13.7948836721847,14.7646448764874,15.7344060807901,16.7041672850927,17.6739284893954,
18.6436896936981,19.6134508980008,20.5832121023035,21.5529733066062,22.5227345109089,
23.4924957152116,24.4622569195143,25.4320181238169,26.4017793281196,27.3715405324223,
28.341301736725,29.3110629410277,30.2808241453304,31.2505853496331,32.2203465539358,
33.1901077582385,34.1598689625411,35.1296301668438,36.0993913711465,37.0691525754492,
38.0389137797519,39.0086749840546),.UNSPECIFIED.);
#22=B_SPLINE_SURFACE_WITH_KNOTS('',3,3,((#3374,#3375,#3376,#3377,#3378,
#3379,#3380,#3381,#3382,#3383,#3384,#3385,#3386,#3387,#3388,#3389,#3390,
#3391,#3392,#3393,#3394,#3395,#3396,#3397,#3398,#3399,#3400,#3401,#3402,
#3403,#3404),(#3405,#3406,#3407,#3408,#3409,#3410,#3411,#3412,#3413,#3414,
#3415,#3416,#3417,#3418,#3419,#3420,#3421,#3422,#3423,#3424,#3425,#3426,
#3427,#3428,#3429,#3430,#3431,#3432,#3433,#3434,#3435),(#3436,#3437,#3438,
#3439,#3440,#3441,#3442,#3443,#3444,#3445,#3446,#3447,#3448,#3449,#3450,
#3451,#3452,#3453,#3454,#3455,#3456,#3457,#3458,#3459,#3460,#3461,#3462,
#3463,#3464,#3465,#3466),(#3467,#3468,#3469,#3470,#3471,#3472,#3473,#3474,
#3475,#3476,#3477,#3478,#3479,#3480,#3481,#3482,#3483,#3484,#3485,#3486,
#3487,#3488,#3489,#3490,#3491,#3492,#3493,#3494,#3495,#3496,#3497)),
 .UNSPECIFIED.,.F.,.F.,.F.,(4,4),(4,1,1,1,1,1,1,1,1,1,1,1,1,1,1,1,1,1,1,
1,1,1,1,1,1,1,1,1,4),(0.,0.0321584099938621),(14.3984001269718,15.3681613312745,
16.3379225355772,17.3076837398799,18.2774449441826,19.2472061484853,20.216967352788,
21.1867285570906,22.1564897613933,23.126250965696,24.0960121699987,25.0657733743014,
26.0355345786041,27.0052957829068,27.9750569872095,28.9448181915122,29.9145793958148,
30.8843406001175,31.8541018044202,32.8238630087229,33.7936242130256,34.7633854173283,
35.733146621631,36.7029078259337,37.6726690302363,38.642430234539,39.6121914388417,
40.5819526431444,41.5517138474471),.UNSPECIFIED.);
#23=FACE_BOUND('',#165,.T.);
#24=FACE_BOUND('',#169,.T.);
#25=FACE_BOUND('',#170,.T.);
#26=FACE_BOUND('',#177,.T.);
#27=FACE_BOUND('',#178,.T.);
#28=FACE_BOUND('',#188,.T.);
#29=FACE_BOUND('',#194,.T.);
#30=FACE_BOUND('',#198,.T.);
#31=FACE_BOUND('',#199,.T.);
#32=FACE_BOUND('',#201,.T.);
#33=FACE_BOUND('',#202,.T.);
#34=PLANE('',#1336);
#35=PLANE('',#1337);
#36=PLANE('',#1338);
#37=PLANE('',#1342);
#38=PLANE('',#1346);
#39=PLANE('',#1347);
#40=PLANE('',#1348);
#41=PLANE('',#1350);
#42=PLANE('',#1351);
#43=PLANE('',#1352);
#44=PLANE('',#1356);
#45=PLANE('',#1358);
#46=PLANE('',#1362);
#47=PLANE('',#1363);
#48=PLANE('',#1364);
#49=PLANE('',#1365);
#50=PLANE('',#1366);
#51=PLANE('',#1368);
#52=PLANE('',#1371);
#53=PLANE('',#1372);
#54=PLANE('',#1373);
#55=PLANE('',#1376);
#56=PLANE('',#1377);
#57=PLANE('',#1378);
#58=PLANE('',#1382);
#59=PLANE('',#1383);
#60=PLANE('',#1384);
#61=PLANE('',#1388);
#62=PLANE('',#1389);
#63=PLANE('',#1390);
#64=PLANE('',#1394);
#65=PLANE('',#1395);
#66=PLANE('',#1396);
#67=PLANE('',#1397);
#68=FACE_OUTER_BOUND('',#137,.T.);
#69=FACE_OUTER_BOUND('',#138,.T.);
#70=FACE_OUTER_BOUND('',#139,.T.);
#71=FACE_OUTER_BOUND('',#140,.T.);
#72=FACE_OUTER_BOUND('',#141,.T.);
#73=FACE_OUTER_BOUND('',#142,.T.);
#74=FACE_OUTER_BOUND('',#143,.T.);
#75=FACE_OUTER_BOUND('',#144,.T.);
#76=FACE_OUTER_BOUND('',#145,.T.);
#77=FACE_OUTER_BOUND('',#146,.T.);
#78=FACE_OUTER_BOUND('',#147,.T.);
#79=FACE_OUTER_BOUND('',#148,.T.);
#80=FACE_OUTER_BOUND('',#149,.T.);
#81=FACE_OUTER_BOUND('',#150,.T.);
#82=FACE_OUTER_BOUND('',#151,.T.);
#83=FACE_OUTER_BOUND('',#152,.T.);
#84=FACE_OUTER_BOUND('',#153,.T.);
#85=FACE_OUTER_BOUND('',#154,.T.);
#86=FACE_OUTER_BOUND('',#155,.T.);
#87=FACE_OUTER_BOUND('',#156,.T.);
#88=FACE_OUTER_BOUND('',#157,.T.);
#89=FACE_OUTER_BOUND('',#158,.T.);
#90=FACE_OUTER_BOUND('',#159,.T.);
#91=FACE_OUTER_BOUND('',#160,.T.);
#92=FACE_OUTER_BOUND('',#161,.T.);
#93=FACE_OUTER_BOUND('',#162,.T.);
#94=FACE_OUTER_BOUND('',#163,.T.);
#95=FACE_OUTER_BOUND('',#164,.T.);
#96=FACE_OUTER_BOUND('',#166,.T.);
#97=FACE_OUTER_BOUND('',#167,.T.);
#98=FACE_OUTER_BOUND('',#168,.T.);
#99=FACE_OUTER_BOUND('',#171,.T.);
#100=FACE_OUTER_BOUND('',#172,.T.);
#101=FACE_OUTER_BOUND('',#173,.T.);
#102=FACE_OUTER_BOUND('',#174,.T.);
#103=FACE_OUTER_BOUND('',#175,.T.);
#104=FACE_OUTER_BOUND('',#176,.T.);
#105=FACE_OUTER_BOUND('',#179,.T.);
#106=FACE_OUTER_BOUND('',#180,.T.);
#107=FACE_OUTER_BOUND('',#181,.T.);
#108=FACE_OUTER_BOUND('',#182,.T.);
#109=FACE_OUTER_BOUND('',#183,.T.);
#110=FACE_OUTER_BOUND('',#184,.T.);
#111=FACE_OUTER_BOUND('',#185,.T.);
#112=FACE_OUTER_BOUND('',#186,.T.);
#113=FACE_OUTER_BOUND('',#187,.T.);
#114=FACE_OUTER_BOUND('',#189,.T.);
#115=FACE_OUTER_BOUND('',#190,.T.);
#116=FACE_OUTER_BOUND('',#191,.T.);
#117=FACE_OUTER_BOUND('',#192,.T.);
#118=FACE_OUTER_BOUND('',#193,.T.);
#119=FACE_OUTER_BOUND('',#195,.T.);
#120=FACE_OUTER_BOUND('',#196,.T.);
#121=FACE_OUTER_BOUND('',#197,.T.);
#122=FACE_OUTER_BOUND('',#200,.T.);
#123=FACE_OUTER_BOUND('',#203,.T.);
#124=FACE_OUTER_BOUND('',#204,.T.);
#125=FACE_OUTER_BOUND('',#205,.T.);
#126=FACE_OUTER_BOUND('',#206,.T.);
#127=FACE_OUTER_BOUND('',#207,.T.);
#128=FACE_OUTER_BOUND('',#208,.T.);
#129=FACE_OUTER_BOUND('',#209,.T.);
#130=FACE_OUTER_BOUND('',#210,.T.);
#131=FACE_OUTER_BOUND('',#211,.T.);
#132=FACE_OUTER_BOUND('',#212,.T.);
#133=FACE_OUTER_BOUND('',#213,.T.);
#134=FACE_OUTER_BOUND('',#214,.T.);
#135=FACE_OUTER_BOUND('',#215,.T.);
#136=FACE_OUTER_BOUND('',#216,.T.);
#137=EDGE_LOOP('',(#817,#818,#819,#820));
#138=EDGE_LOOP('',(#821,#822,#823,#824));
#139=EDGE_LOOP('',(#825,#826,#827,#828));
#140=EDGE_LOOP('',(#829,#830,#831,#832));
#141=EDGE_LOOP('',(#833,#834,#835,#836));
#142=EDGE_LOOP('',(#837,#838,#839,#840));
#143=EDGE_LOOP('',(#841,#842,#843,#844));
#144=EDGE_LOOP('',(#845,#846,#847,#848));
#145=EDGE_LOOP('',(#849,#850,#851,#852));
#146=EDGE_LOOP('',(#853,#854,#855,#856));
#147=EDGE_LOOP('',(#857,#858,#859,#860));
#148=EDGE_LOOP('',(#861,#862,#863,#864));
#149=EDGE_LOOP('',(#865,#866,#867,#868));
#150=EDGE_LOOP('',(#869,#870,#871,#872));
#151=EDGE_LOOP('',(#873,#874,#875,#876));
#152=EDGE_LOOP('',(#877,#878,#879,#880));
#153=EDGE_LOOP('',(#881,#882,#883,#884));
#154=EDGE_LOOP('',(#885,#886,#887,#888));
#155=EDGE_LOOP('',(#889,#890,#891,#892));
#156=EDGE_LOOP('',(#893,#894,#895,#896));
#157=EDGE_LOOP('',(#897,#898,#899));
#158=EDGE_LOOP('',(#900,#901,#902,#903,#904,#905,#906,#907));
#159=EDGE_LOOP('',(#908,#909,#910,#911));
#160=EDGE_LOOP('',(#912,#913,#914,#915));
#161=EDGE_LOOP('',(#916,#917,#918,#919));
#162=EDGE_LOOP('',(#920,#921,#922,#923));
#163=EDGE_LOOP('',(#924,#925,#926,#927,#928,#929));
#164=EDGE_LOOP('',(#930,#931,#932,#933,#934,#935));
#165=EDGE_LOOP('',(#936));
#166=EDGE_LOOP('',(#937,#938,#939,#940));
#167=EDGE_LOOP('',(#941,#942,#943,#944));
#168=EDGE_LOOP('',(#945,#946,#947));
#169=EDGE_LOOP('',(#948));
#170=EDGE_LOOP('',(#949));
#171=EDGE_LOOP('',(#950,#951,#952,#953));
#172=EDGE_LOOP('',(#954,#955,#956,#957));
#173=EDGE_LOOP('',(#958,#959,#960,#961));
#174=EDGE_LOOP('',(#962,#963,#964,#965,#966,#967,#968,#969,#970,#971,#972,
#973));
#175=EDGE_LOOP('',(#974,#975,#976,#977,#978,#979,#980,#981,#982,#983,#984,
#985));
#176=EDGE_LOOP('',(#986,#987,#988,#989));
#177=EDGE_LOOP('',(#990,#991,#992,#993));
#178=EDGE_LOOP('',(#994,#995,#996,#997));
#179=EDGE_LOOP('',(#998,#999,#1000,#1001));
#180=EDGE_LOOP('',(#1002,#1003,#1004,#1005));
#181=EDGE_LOOP('',(#1006,#1007,#1008,#1009,#1010,#1011,#1012,#1013,#1014,
#1015,#1016,#1017));
#182=EDGE_LOOP('',(#1018,#1019,#1020,#1021,#1022,#1023,#1024,#1025,#1026,
#1027,#1028,#1029));
#183=EDGE_LOOP('',(#1030,#1031,#1032,#1033));
#184=EDGE_LOOP('',(#1034,#1035,#1036,#1037));
#185=EDGE_LOOP('',(#1038,#1039,#1040,#1041));
#186=EDGE_LOOP('',(#1042,#1043,#1044,#1045,#1046,#1047));
#187=EDGE_LOOP('',(#1048,#1049,#1050,#1051,#1052,#1053));
#188=EDGE_LOOP('',(#1054,#1055,#1056));
#189=EDGE_LOOP('',(#1057,#1058,#1059,#1060,#1061,#1062,#1063,#1064,#1065,
#1066,#1067,#1068,#1069,#1070,#1071,#1072,#1073,#1074,#1075));
#190=EDGE_LOOP('',(#1076,#1077,#1078,#1079));
#191=EDGE_LOOP('',(#1080,#1081,#1082,#1083));
#192=EDGE_LOOP('',(#1084,#1085,#1086,#1087));
#193=EDGE_LOOP('',(#1088,#1089,#1090,#1091));
#194=EDGE_LOOP('',(#1092));
#195=EDGE_LOOP('',(#1093,#1094,#1095,#1096));
#196=EDGE_LOOP('',(#1097,#1098,#1099,#1100,#1101));
#197=EDGE_LOOP('',(#1102,#1103,#1104,#1105));
#198=EDGE_LOOP('',(#1106));
#199=EDGE_LOOP('',(#1107));
#200=EDGE_LOOP('',(#1108,#1109,#1110,#1111));
#201=EDGE_LOOP('',(#1112,#1113,#1114,#1115));
#202=EDGE_LOOP('',(#1116,#1117,#1118,#1119));
#203=EDGE_LOOP('',(#1120,#1121,#1122,#1123,#1124,#1125,#1126,#1127,#1128,
#1129,#1130,#1131,#1132));
#204=EDGE_LOOP('',(#1133,#1134,#1135,#1136));
#205=EDGE_LOOP('',(#1137,#1138,#1139,#1140));
#206=EDGE_LOOP('',(#1141,#1142,#1143,#1144));
#207=EDGE_LOOP('',(#1145,#1146,#1147,#1148));
#208=EDGE_LOOP('',(#1149,#1150,#1151,#1152));
#209=EDGE_LOOP('',(#1153,#1154,#1155,#1156));
#210=EDGE_LOOP('',(#1157,#1158,#1159,#1160,#1161,#1162));
#211=EDGE_LOOP('',(#1163,#1164,#1165,#1166,#1167,#1168));
#212=EDGE_LOOP('',(#1169,#1170,#1171,#1172));
#213=EDGE_LOOP('',(#1173,#1174,#1175,#1176));
#214=EDGE_LOOP('',(#1177,#1178,#1179,#1180));
#215=EDGE_LOOP('',(#1181,#1182,#1183));
#216=EDGE_LOOP('',(#1184,#1185,#1186));
#217=CIRCLE('',#1304,1.26449999999999);
#218=CIRCLE('',#1308,1.2645);
#219=CIRCLE('',#1310,1.543);
#220=CIRCLE('',#1314,1.543);
#221=CIRCLE('',#1316,1.2645);
#222=CIRCLE('',#1320,1.2645);
#223=CIRCLE('',#1322,1.543);
#224=CIRCLE('',#1326,1.543);
#225=CIRCLE('',#1328,1.2645);
#226=CIRCLE('',#1329,1.2645);
#227=CIRCLE('',#1331,1.2645);
#228=CIRCLE('',#1332,1.2645);
#229=CIRCLE('',#1334,11.1750000000015);
#230=CIRCLE('',#1335,11.1750000000015);
#231=CIRCLE('',#1340,11.174999999984);
#232=CIRCLE('',#1341,11.174999999984);
#233=CIRCLE('',#1344,11.1750000000161);
#234=CIRCLE('',#1345,11.1750000000161);
#235=CIRCLE('',#1349,2.015);
#236=CIRCLE('',#1354,0.5);
#237=CIRCLE('',#1355,0.5);
#238=CIRCLE('',#1367,0.01);
#239=CIRCLE('',#1370,2.015);
#240=CIRCLE('',#1375,0.01);
#241=CIRCLE('',#1380,11.174999999984);
#242=CIRCLE('',#1381,11.174999999984);
#243=CIRCLE('',#1386,11.1750000000161);
#244=CIRCLE('',#1387,11.1750000000161);
#245=CIRCLE('',#1392,11.1750000000015);
#246=CIRCLE('',#1393,11.1750000000015);
#247=B_SPLINE_CURVE_WITH_KNOTS('',3,(#1703,#1704,#1705,#1706),
 .UNSPECIFIED.,.F.,.F.,(4,4),(26.4423043696954,27.1533137204753),
 .UNSPECIFIED.);
#248=B_SPLINE_CURVE_WITH_KNOTS('',3,(#1709,#1710,#1711,#1712,#1713,#1714,
#1715,#1716,#1717,#1718),.UNSPECIFIED.,.F.,.F.,(4,3,3,4),(-25.1327412287184,
-24.2440301075672,-23.2742689032645,-22.7021579259084),.UNSPECIFIED.);
#249=B_SPLINE_CURVE_WITH_KNOTS('',3,(#1723,#1724,#1725,#1726,#1727,#1728,
#1729,#1730,#1731,#1732,#1733,#1734,#1735,#1736,#1737,#1738,#1739,#1740,
#1741,#1742,#1743,#1744,#1745,#1746,#1747),.UNSPECIFIED.,.F.,.F.,(4,3,3,
3,3,3,3,3,4),(20.1591190625159,20.3649852903565,21.3347464946591,22.3045076989618,
23.2742689032645,24.2440301075672,25.2137913118699,26.1835525161726,26.4423043696954),
 .UNSPECIFIED.);
#250=B_SPLINE_CURVE_WITH_KNOTS('',3,(#1748,#1749,#1750,#1751,#1752,#1753,
#1754,#1755,#1756,#1757,#1758,#1759,#1760,#1761,#1762,#1763,#1764,#1765,
#1766,#1767,#1768,#1769,#1770,#1771,#1772),.UNSPECIFIED.,.F.,.F.,(4,3,3,
3,3,3,3,3,4),(-22.7021579259084,-22.3045076989618,-21.3347464946592,-20.3649852903565,
-19.3952240860538,-18.4254628817511,-17.4557016774484,-16.4859404731457,
-16.4189726187288),.UNSPECIFIED.);
#251=B_SPLINE_CURVE_WITH_KNOTS('',3,(#1777,#1778,#1779,#1780,#1781,#1782,
#1783,#1784,#1785,#1786,#1787,#1788,#1789,#1790,#1791,#1792,#1793,#1794,
#1795,#1796,#1797,#1798),.UNSPECIFIED.,.F.,.F.,(4,3,3,3,3,3,3,4),(13.8759337553363,
14.5464180645403,15.516179268843,16.4859404731457,17.4557016774484,18.4254628817511,
19.3952240860538,20.1591190625159),.UNSPECIFIED.);
#252=B_SPLINE_CURVE_WITH_KNOTS('',3,(#1799,#1800,#1801,#1802,#1803,#1804,
#1805,#1806,#1807,#1808,#1809,#1810,#1811,#1812,#1813,#1814,#1815,#1816,
#1817,#1818,#1819,#1820),.UNSPECIFIED.,.F.,.F.,(4,3,3,3,3,3,3,4),(-16.4189726187288,
-15.516179268843,-14.5464180645403,-13.5766568602376,-12.606895655935,-11.6371344516323,
-10.6673732473296,-10.1357873115492),.UNSPECIFIED.);
#253=B_SPLINE_CURVE_WITH_KNOTS('',3,(#1826,#1827,#1828,#1829,#1830,#1831,
#1832,#1833,#1834,#1835,#1836,#1837,#1838),.UNSPECIFIED.,.F.,.F.,(4,3,3,
3,4),(-3.85260200436966,-2.90928361290807,-1.93952240860538,-0.969761204302688,
0.),.UNSPECIFIED.);
#254=B_SPLINE_CURVE_WITH_KNOTS('',3,(#1841,#1842,#1843,#1844,#1845,#1846,
#1847,#1848,#1849,#1850,#1851,#1852,#1853,#1854,#1855,#1856,#1857,#1858,
#1859),.UNSPECIFIED.,.F.,.F.,(4,3,3,3,3,3,4),(2.0205724917569,2.90928361290807,
3.87904481721075,4.84880602151344,5.81856722581613,6.78832843011882,7.5927484481567),
 .UNSPECIFIED.);
#255=B_SPLINE_CURVE_WITH_KNOTS('',3,(#1865,#1866,#1867,#1868,#1869,#1870,
#1871,#1872),.UNSPECIFIED.,.F.,.F.,(4,1,1,1,1,4),(34.5575191894877,35.1296301668438,
36.0993913711465,37.0691525754492,38.0389137797519,39.0086749840546),
 .UNSPECIFIED.);
#256=B_SPLINE_CURVE_WITH_KNOTS('',3,(#1875,#1876,#1877,#1878,#1879,#1880,
#1881,#1882,#1883),.UNSPECIFIED.,.F.,.F.,(4,1,1,1,1,1,4),(34.5575191894877,
34.7633854173283,35.733146621631,36.7029078259337,37.6726690302363,38.642430234539,
39.5311413556902),.UNSPECIFIED.);
#257=B_SPLINE_CURVE_WITH_KNOTS('',3,(#1888,#1889,#1890,#1891,#1892,#1893,
#1894,#1895,#1896,#1897,#1898),.UNSPECIFIED.,.F.,.F.,(4,1,1,1,1,1,1,1,4),
(28.2743338823081,28.341301736725,29.3110629410277,30.2808241453304,31.2505853496331,
32.2203465539358,33.1901077582385,34.1598689625411,34.5575191894877),
 .UNSPECIFIED.);
#258=B_SPLINE_CURVE_WITH_KNOTS('',3,(#1899,#1900,#1901,#1902,#1903,#1904,
#1905,#1906,#1907,#1908),.UNSPECIFIED.,.F.,.F.,(4,1,1,1,1,1,1,4),(28.2743338823081,
28.9448181915122,29.9145793958148,30.8843406001175,31.8541018044202,32.8238630087229,
33.7936242130256,34.5575191894877),.UNSPECIFIED.);
#259=B_SPLINE_CURVE_WITH_KNOTS('',3,(#1913,#1914,#1915,#1916,#1917,#1918,
#1919,#1920,#1921,#1922),.UNSPECIFIED.,.F.,.F.,(4,1,1,1,1,1,1,4),(21.9911485751286,
22.5227345109089,23.4924957152116,24.4622569195143,25.4320181238169,26.4017793281196,
27.3715405324223,28.2743338823081),.UNSPECIFIED.);
#260=B_SPLINE_CURVE_WITH_KNOTS('',3,(#1923,#1924,#1925,#1926,#1927,#1928,
#1929,#1930,#1931,#1932,#1933),.UNSPECIFIED.,.F.,.F.,(4,1,1,1,1,1,1,1,4),
(21.9911485751285,22.1564897613933,23.126250965696,24.0960121699987,25.0657733743014,
26.0355345786041,27.0052957829068,27.9750569872095,28.2743338823081),
 .UNSPECIFIED.);
#261=B_SPLINE_CURVE_WITH_KNOTS('',3,(#1939,#1940,#1941,#1942,#1943),
 .UNSPECIFIED.,.F.,.F.,(4,1,4),(14.3984001269718,15.3681613312745,15.707963267949),
 .UNSPECIFIED.);
#262=B_SPLINE_CURVE_WITH_KNOTS('',3,(#1946,#1947,#1948,#1949,#1950),
 .UNSPECIFIED.,.F.,.F.,(4,1,4),(13.8759337553362,14.7646448764874,15.707963267949),
 .UNSPECIFIED.);
#263=B_SPLINE_CURVE_WITH_KNOTS('',3,(#1956,#1957,#1958,#1959),
 .UNSPECIFIED.,.F.,.F.,(4,4),(26.4423043696954,27.1533137204753),
 .UNSPECIFIED.);
#264=B_SPLINE_CURVE_WITH_KNOTS('',3,(#1962,#1963,#1964,#1965,#1966,#1967,
#1968,#1969,#1970,#1971),.UNSPECIFIED.,.F.,.F.,(4,3,3,4),(-25.1327412287184,
-24.2440301075672,-23.2742689032645,-22.7021579259084),.UNSPECIFIED.);
#265=B_SPLINE_CURVE_WITH_KNOTS('',3,(#1976,#1977,#1978,#1979,#1980,#1981,
#1982,#1983,#1984,#1985,#1986,#1987,#1988,#1989,#1990,#1991,#1992,#1993,
#1994,#1995,#1996,#1997,#1998,#1999,#2000),.UNSPECIFIED.,.F.,.F.,(4,3,3,
3,3,3,3,3,4),(20.1591190625159,20.3649852903565,21.3347464946591,22.3045076989618,
23.2742689032645,24.2440301075672,25.2137913118699,26.1835525161726,26.4423043696954),
 .UNSPECIFIED.);
#266=B_SPLINE_CURVE_WITH_KNOTS('',3,(#2001,#2002,#2003,#2004,#2005,#2006,
#2007,#2008,#2009,#2010,#2011,#2012,#2013,#2014,#2015,#2016,#2017,#2018,
#2019,#2020,#2021,#2022,#2023,#2024,#2025),.UNSPECIFIED.,.F.,.F.,(4,3,3,
3,3,3,3,3,4),(-22.7021579259084,-22.3045076989618,-21.3347464946592,-20.3649852903565,
-19.3952240860538,-18.4254628817511,-17.4557016774484,-16.4859404731457,
-16.4189726187288),.UNSPECIFIED.);
#267=B_SPLINE_CURVE_WITH_KNOTS('',3,(#2030,#2031,#2032,#2033,#2034,#2035,
#2036,#2037,#2038,#2039,#2040,#2041,#2042,#2043,#2044,#2045,#2046,#2047,
#2048,#2049,#2050,#2051),.UNSPECIFIED.,.F.,.F.,(4,3,3,3,3,3,3,4),(13.8759337553363,
14.5464180645403,15.516179268843,16.4859404731457,17.4557016774484,18.4254628817511,
19.3952240860538,20.1591190625159),.UNSPECIFIED.);
#268=B_SPLINE_CURVE_WITH_KNOTS('',3,(#2052,#2053,#2054,#2055,#2056,#2057,
#2058,#2059,#2060,#2061,#2062,#2063,#2064,#2065,#2066,#2067,#2068,#2069,
#2070,#2071,#2072,#2073),.UNSPECIFIED.,.F.,.F.,(4,3,3,3,3,3,3,4),(-16.4189726187288,
-15.516179268843,-14.5464180645403,-13.5766568602376,-12.606895655935,-11.6371344516323,
-10.6673732473296,-10.1357873115492),.UNSPECIFIED.);
#269=B_SPLINE_CURVE_WITH_KNOTS('',3,(#2079,#2080,#2081,#2082,#2083,#2084,
#2085,#2086,#2087,#2088,#2089,#2090,#2091),.UNSPECIFIED.,.F.,.F.,(4,3,3,
3,4),(-3.85260200436966,-2.90928361290807,-1.93952240860538,-0.969761204302689,
0.),.UNSPECIFIED.);
#270=B_SPLINE_CURVE_WITH_KNOTS('',3,(#2094,#2095,#2096,#2097,#2098,#2099,
#2100,#2101,#2102,#2103,#2104,#2105,#2106,#2107,#2108,#2109,#2110,#2111,
#2112),.UNSPECIFIED.,.F.,.F.,(4,3,3,3,3,3,4),(2.0205724917569,2.90928361290807,
3.87904481721075,4.84880602151344,5.81856722581613,6.78832843011882,7.5927484481567),
 .UNSPECIFIED.);
#271=B_SPLINE_CURVE_WITH_KNOTS('',3,(#2118,#2119,#2120,#2121,#2122,#2123,
#2124,#2125),.UNSPECIFIED.,.F.,.F.,(4,1,1,1,1,4),(34.5575191894877,35.1296301668438,
36.0993913711465,37.0691525754492,38.0389137797519,39.0086749840546),
 .UNSPECIFIED.);
#272=B_SPLINE_CURVE_WITH_KNOTS('',3,(#2128,#2129,#2130,#2131,#2132,#2133,
#2134,#2135,#2136),.UNSPECIFIED.,.F.,.F.,(4,1,1,1,1,1,4),(34.5575191894877,
34.7633854173283,35.733146621631,36.7029078259337,37.6726690302363,38.642430234539,
39.5311413556902),.UNSPECIFIED.);
#273=B_SPLINE_CURVE_WITH_KNOTS('',3,(#2141,#2142,#2143,#2144,#2145,#2146,
#2147,#2148,#2149,#2150,#2151),.UNSPECIFIED.,.F.,.F.,(4,1,1,1,1,1,1,1,4),
(28.2743338823081,28.341301736725,29.3110629410277,30.2808241453304,31.2505853496331,
32.2203465539358,33.1901077582385,34.1598689625411,34.5575191894877),
 .UNSPECIFIED.);
#274=B_SPLINE_CURVE_WITH_KNOTS('',3,(#2152,#2153,#2154,#2155,#2156,#2157,
#2158,#2159,#2160,#2161),.UNSPECIFIED.,.F.,.F.,(4,1,1,1,1,1,1,4),(28.2743338823081,
28.9448181915122,29.9145793958148,30.8843406001175,31.8541018044202,32.8238630087229,
33.7936242130256,34.5575191894877),.UNSPECIFIED.);
#275=B_SPLINE_CURVE_WITH_KNOTS('',3,(#2166,#2167,#2168,#2169,#2170,#2171,
#2172,#2173,#2174,#2175),.UNSPECIFIED.,.F.,.F.,(4,1,1,1,1,1,1,4),(21.9911485751285,
22.5227345109089,23.4924957152116,24.4622569195143,25.4320181238169,26.4017793281196,
27.3715405324223,28.2743338823081),.UNSPECIFIED.);
#276=B_SPLINE_CURVE_WITH_KNOTS('',3,(#2176,#2177,#2178,#2179,#2180,#2181,
#2182,#2183,#2184,#2185,#2186),.UNSPECIFIED.,.F.,.F.,(4,1,1,1,1,1,1,1,4),
(21.9911485751285,22.1564897613933,23.126250965696,24.0960121699987,25.0657733743014,
26.0355345786041,27.0052957829068,27.9750569872095,28.2743338823081),
 .UNSPECIFIED.);
#277=B_SPLINE_CURVE_WITH_KNOTS('',3,(#2192,#2193,#2194,#2195,#2196),
 .UNSPECIFIED.,.F.,.F.,(4,1,4),(14.3984001269718,15.3681613312745,15.707963267949),
 .UNSPECIFIED.);
#278=B_SPLINE_CURVE_WITH_KNOTS('',3,(#2199,#2200,#2201,#2202,#2203),
 .UNSPECIFIED.,.F.,.F.,(4,1,4),(13.8759337553362,14.7646448764874,15.707963267949),
 .UNSPECIFIED.);
#279=B_SPLINE_CURVE_WITH_KNOTS('',3,(#2312,#2313,#2314,#2315,#2316,#2317,
#2318,#2319,#2320,#2321,#2322),.UNSPECIFIED.,.F.,.F.,(4,1,1,1,1,1,1,1,4),
(15.707963267949,15.7344060807901,16.7041672850927,17.6739284893954,18.6436896936981,
19.6134508980008,20.5832121023035,21.5529733066062,21.9911485751285),
 .UNSPECIFIED.);
#280=B_SPLINE_CURVE_WITH_KNOTS('',3,(#2323,#2324,#2325,#2326,#2327,#2328,
#2329,#2330,#2331,#2332),.UNSPECIFIED.,.F.,.F.,(4,1,1,1,1,1,1,4),(15.707963267949,
16.3379225355772,17.3076837398799,18.2774449441826,19.2472061484853,20.216967352788,
21.1867285570906,21.9911485751285),.UNSPECIFIED.);
#281=B_SPLINE_CURVE_WITH_KNOTS('',3,(#2457,#2458,#2459,#2460,#2461,#2462,
#2463,#2464,#2465,#2466,#2467,#2468,#2469,#2470,#2471,#2472,#2473,#2474,
#2475,#2476,#2477,#2478,#2479,#2480,#2481,#2482,#2483,#2484,#2485,#2486,
#2487,#2488,#2489,#2490,#2491,#2492,#2493,#2494,#2495,#2496,#2497,#2498,
#2499,#2500,#2501,#2502,#2503,#2504,#2505,#2506,#2507,#2508,#2509,#2510,
#2511,#2512,#2513,#2514,#2515,#2516,#2517,#2518,#2519,#2520,#2521,#2522,
#2523,#2524,#2525,#2526,#2527,#2528,#2529,#2530,#2531,#2532,#2533,#2534,
#2535),.UNSPECIFIED.,.F.,.F.,(4,3,3,3,3,3,3,3,3,3,3,3,3,3,3,3,3,3,3,3,3,
3,3,3,3,3,4),(0.,0.018046947694979,0.0362795355961703,0.049791541341628,
0.0564442817299894,0.0594978057513448,0.0772386514473975,0.0946645666984026,
0.10709232041376,0.114965038607082,0.118088175946178,0.134959571810718,
0.144375581559832,0.16082188302795,0.168624951584281,0.173118099972545,
0.189888517685784,0.206622909069672,0.217641725416792,0.223770262709315,
0.227175376876221,0.243237559611108,0.252062893486824,0.255939425091468,
0.271477286033397,0.275945993304776,0.286347380332253),.UNSPECIFIED.);
#282=B_SPLINE_CURVE_WITH_KNOTS('',3,(#2536,#2537,#2538,#2539,#2540,#2541,
#2542,#2543,#2544,#2545,#2546,#2547,#2548,#2549,#2550,#2551,#2552,#2553,
#2554,#2555,#2556,#2557,#2558,#2559,#2560,#2561,#2562,#2563,#2564,#2565,
#2566,#2567,#2568,#2569,#2570,#2571,#2572,#2573,#2574,#2575,#2576,#2577,
#2578,#2579,#2580,#2581,#2582,#2583,#2584,#2585,#2586,#2587,#2588,#2589,
#2590,#2591,#2592,#2593,#2594,#2595,#2596,#2597,#2598,#2599,#2600,#2601,
#2602,#2603,#2604,#2605,#2606,#2607,#2608,#2609,#2610,#2611,#2612,#2613,
#2614,#2615,#2616,#2617),.UNSPECIFIED.,.F.,.F.,(4,3,3,3,3,3,3,3,3,3,3,3,
3,3,3,3,3,3,3,3,3,3,3,3,3,3,3,4),(0.,0.0151446959359694,0.0309610979465318,
0.0433494075202095,0.0480222664477746,0.0521567473405402,0.0684591453743471,
0.0850616871465856,0.0963131589939276,0.100795483070482,0.104383967292575,
0.121455573944927,0.130067574535953,0.146659592494726,0.155837723853089,
0.158548534690317,0.175601858889595,0.193050486716062,0.204599072037825,
0.2109473667137,0.215063014849122,0.233049833671633,0.242953872242527,0.247560912770402,
0.251094545054956,0.269299532191185,0.27266598795521,0.285142803995135),
 .UNSPECIFIED.);
#283=B_SPLINE_CURVE_WITH_KNOTS('',3,(#2618,#2619,#2620,#2621,#2622,#2623,
#2624,#2625,#2626,#2627,#2628,#2629,#2630,#2631,#2632,#2633,#2634,#2635,
#2636,#2637,#2638,#2639,#2640,#2641,#2642),.UNSPECIFIED.,.F.,.F.,(4,3,3,
3,3,3,3,3,4),(-10.1357873115492,-9.69761204302689,-8.7278508387242,-7.75808963442151,
-6.78832843011882,-5.81856722581613,-4.84880602151344,-3.87904481721076,
-3.85260200436966),.UNSPECIFIED.);
#284=B_SPLINE_CURVE_WITH_KNOTS('',3,(#2767,#2768,#2769,#2770,#2771,#2772,
#2773,#2774,#2775,#2776,#2777,#2778,#2779,#2780,#2781,#2782,#2783,#2784,
#2785,#2786,#2787,#2788,#2789,#2790,#2791,#2792,#2793,#2794,#2795,#2796,
#2797,#2798,#2799,#2800,#2801,#2802,#2803,#2804,#2805,#2806,#2807,#2808,
#2809,#2810,#2811,#2812,#2813,#2814,#2815,#2816,#2817,#2818,#2819,#2820,
#2821,#2822,#2823,#2824,#2825,#2826,#2827,#2828,#2829,#2830,#2831,#2832,
#2833,#2834,#2835,#2836,#2837,#2838,#2839,#2840,#2841,#2842,#2843,#2844,
#2845,#2846,#2847,#2848),.UNSPECIFIED.,.F.,.F.,(4,3,3,3,3,3,3,3,3,3,3,3,
3,3,3,3,3,3,3,3,3,3,3,3,3,3,3,4),(0.,0.0151447015409155,0.0309611075157092,
0.0433494158932396,0.0480222846136296,0.0521567457265689,0.0684591475253309,
0.0850616890278325,0.0963131604048624,0.100795485964196,0.104383968201348,
0.121455574423877,0.130067574535952,0.146659589447184,0.155837717221109,
0.15854852472772,0.175601845531593,0.19305047177988,0.204599064197759,0.2109473683999,
0.215063014737908,0.233049833386677,0.242953872028809,0.2475609084198,0.251094540383879,
0.269299527638035,0.272665987955207,0.285142803995137),.UNSPECIFIED.);
#285=B_SPLINE_CURVE_WITH_KNOTS('',3,(#2849,#2850,#2851,#2852,#2853,#2854,
#2855,#2856,#2857,#2858,#2859,#2860,#2861,#2862,#2863,#2864,#2865,#2866,
#2867,#2868,#2869,#2870,#2871,#2872,#2873),.UNSPECIFIED.,.F.,.F.,(4,3,3,
3,3,3,3,3,4),(7.5927484481567,7.75808963442151,8.7278508387242,9.69761204302688,
10.6673732473296,11.6371344516323,12.606895655935,13.5766568602376,13.8759337553363),
 .UNSPECIFIED.);
#286=B_SPLINE_CURVE_WITH_KNOTS('',3,(#2874,#2875,#2876,#2877,#2878,#2879,
#2880,#2881,#2882,#2883,#2884,#2885,#2886,#2887,#2888,#2889,#2890,#2891,
#2892,#2893,#2894,#2895,#2896,#2897,#2898,#2899,#2900,#2901,#2902,#2903,
#2904,#2905,#2906,#2907,#2908,#2909,#2910,#2911,#2912,#2913,#2914,#2915,
#2916,#2917,#2918,#2919,#2920,#2921,#2922,#2923,#2924,#2925,#2926,#2927,
#2928,#2929,#2930,#2931,#2932,#2933,#2934,#2935,#2936,#2937,#2938,#2939,
#2940,#2941,#2942,#2943,#2944,#2945,#2946,#2947,#2948,#2949,#2950,#2951,
#2952),.UNSPECIFIED.,.F.,.F.,(4,3,3,3,3,3,3,3,3,3,3,3,3,3,3,3,3,3,3,3,3,
3,3,3,3,3,4),(0.,0.0180469476949785,0.036279535888794,0.0497915415976732,
0.0564442824048732,0.0594978066379837,0.0772386524802069,0.0946645660893446,
0.107092319956965,0.114965038880831,0.118088176277406,0.134959570589492,
0.144375581559828,0.160821883027946,0.168624950998583,0.173118100017754,
0.189888517843137,0.206622908973533,0.217641725075934,0.223770260283698,
0.227175375787354,0.243237557018204,0.252062889835372,0.255939422066951,
0.271477280762884,0.275945993304772,0.28634738033225),.UNSPECIFIED.);
#287=B_SPLINE_CURVE_WITH_KNOTS('',3,(#2962,#2963,#2964,#2965,#2966,#2967,
#2968,#2969,#2970,#2971,#2972,#2973,#2974,#2975,#2976,#2977,#2978,#2979,
#2980,#2981,#2982,#2983,#2984,#2985,#2986,#2987,#2988,#2989,#2990,#2991,
#2992,#2993,#2994,#2995,#2996,#2997,#2998,#2999,#3000,#3001,#3002,#3003,
#3004,#3005,#3006,#3007,#3008,#3009,#3010,#3011,#3012,#3013,#3014,#3015,
#3016,#3017,#3018,#3019,#3020,#3021,#3022,#3023,#3024,#3025,#3026,#3027,
#3028,#3029,#3030,#3031,#3032,#3033,#3034,#3035,#3036,#3037,#3038,#3039,
#3040,#3041,#3042,#3043),.UNSPECIFIED.,.F.,.F.,(4,3,3,3,3,3,3,3,3,3,3,3,
3,3,3,3,3,3,3,3,3,3,3,3,3,3,3,4),(0.,0.0151438201032306,0.0309596013706516,
0.043348098016314,0.0480194259733037,0.0521570009712708,0.0684588092622748,
0.0850613901557107,0.0963129362507708,0.100795025889125,0.104383824258896,
0.121455495035269,0.130067574535951,0.146660065325001,0.15583875169311,
0.158550080204716,0.175603930980607,0.193052804287996,0.204600284010517,
0.210947101881576,0.215063030993716,0.233049877307474,0.242953904969406,
0.247561587540492,0.251095273691406,0.269300241897538,0.272665987955203,
0.285142803995129),.UNSPECIFIED.);
#288=B_SPLINE_CURVE_WITH_KNOTS('',3,(#3044,#3045,#3046,#3047,#3048,#3049,
#3050,#3051,#3052,#3053,#3054,#3055,#3056,#3057,#3058,#3059,#3060,#3061,
#3062,#3063,#3064,#3065,#3066,#3067,#3068,#3069,#3070,#3071,#3072,#3073,
#3074,#3075,#3076,#3077,#3078,#3079,#3080,#3081,#3082,#3083,#3084,#3085,
#3086,#3087,#3088,#3089,#3090,#3091,#3092,#3093,#3094,#3095,#3096,#3097,
#3098,#3099,#3100,#3101,#3102,#3103,#3104,#3105,#3106,#3107,#3108,#3109,
#3110,#3111,#3112,#3113,#3114,#3115,#3116,#3117,#3118,#3119,#3120,#3121,
#3122),.UNSPECIFIED.,.F.,.F.,(4,3,3,3,3,3,3,3,3,3,3,3,3,3,3,3,3,3,3,3,3,
3,3,3,3,3,4),(0.,0.0180469476949786,0.0362794883603063,0.0497915000102466,
0.0564441743483029,0.0594976658125738,0.0772384871023413,0.0946646556342531,
0.107092387115647,0.114964994633978,0.118088125628708,0.134959760884389,
0.144375581559829,0.160821883027947,0.168625040935061,0.173118092600963,
0.189888492113849,0.206622919796563,0.217641771790344,0.22377063009805,
0.227175542878055,0.243237953069896,0.252063449391316,0.255939889040925,
0.271478091153405,0.275945993304776,0.286347380332254),.UNSPECIFIED.);
#289=B_SPLINE_CURVE_WITH_KNOTS('',3,(#3125,#3126,#3127,#3128,#3129,#3130,
#3131,#3132,#3133,#3134,#3135),.UNSPECIFIED.,.F.,.F.,(4,1,1,1,1,1,1,1,4),
(15.707963267949,15.7344060807901,16.7041672850927,17.6739284893954,18.6436896936981,
19.6134508980008,20.5832121023035,21.5529733066062,21.9911485751286),
 .UNSPECIFIED.);
#290=B_SPLINE_CURVE_WITH_KNOTS('',3,(#3136,#3137,#3138,#3139,#3140,#3141,
#3142,#3143,#3144,#3145),.UNSPECIFIED.,.F.,.F.,(4,1,1,1,1,1,1,4),(15.707963267949,
16.3379225355772,17.3076837398799,18.2774449441826,19.2472061484853,20.216967352788,
21.1867285570906,21.9911485751285),.UNSPECIFIED.);
#291=B_SPLINE_CURVE_WITH_KNOTS('',3,(#3270,#3271,#3272,#3273,#3274,#3275,
#3276,#3277,#3278,#3279,#3280,#3281,#3282,#3283,#3284,#3285,#3286,#3287,
#3288,#3289,#3290,#3291,#3292,#3293,#3294,#3295,#3296,#3297,#3298,#3299,
#3300,#3301,#3302,#3303,#3304,#3305,#3306,#3307,#3308,#3309,#3310,#3311,
#3312,#3313,#3314,#3315,#3316,#3317,#3318,#3319,#3320,#3321,#3322,#3323,
#3324,#3325,#3326,#3327,#3328,#3329,#3330,#3331,#3332,#3333,#3334,#3335,
#3336,#3337,#3338,#3339,#3340,#3341,#3342,#3343,#3344,#3345,#3346,#3347,
#3348),.UNSPECIFIED.,.F.,.F.,(4,3,3,3,3,3,3,3,3,3,3,3,3,3,3,3,3,3,3,3,3,
3,3,3,3,3,4),(0.,0.0180469476949786,0.0362794880765755,0.0497914997619822,
0.0564441737121096,0.0594976649818521,0.077238486120677,0.0946646561075632,
0.10709238747063,0.11496499437047,0.118088125344942,0.134959761974991,0.144375581559829,
0.160821883027946,0.168625041442455,0.173118092549164,0.189888491952313,
0.206622919826865,0.217641772009736,0.223770632161539,0.227175543818647,
0.243237955290302,0.252063452539532,0.255939891665603,0.271478095707835,
0.275945993304766,0.286347380332243),.UNSPECIFIED.);
#292=B_SPLINE_CURVE_WITH_KNOTS('',3,(#3349,#3350,#3351,#3352,#3353,#3354,
#3355,#3356,#3357,#3358,#3359,#3360,#3361,#3362,#3363,#3364,#3365,#3366,
#3367,#3368,#3369,#3370,#3371,#3372,#3373),.UNSPECIFIED.,.F.,.F.,(4,3,3,
3,3,3,3,3,4),(-10.1357873115492,-9.69761204302689,-8.7278508387242,-7.75808963442151,
-6.78832843011882,-5.81856722581613,-4.84880602151344,-3.87904481721075,
-3.85260200436966),.UNSPECIFIED.);
#293=B_SPLINE_CURVE_WITH_KNOTS('',3,(#3498,#3499,#3500,#3501,#3502,#3503,
#3504,#3505,#3506,#3507,#3508,#3509,#3510,#3511,#3512,#3513,#3514,#3515,
#3516,#3517,#3518,#3519,#3520,#3521,#3522,#3523,#3524,#3525,#3526,#3527,
#3528,#3529,#3530,#3531,#3532,#3533,#3534,#3535,#3536,#3537,#3538,#3539,
#3540,#3541,#3542,#3543,#3544,#3545,#3546,#3547,#3548,#3549,#3550,#3551,
#3552,#3553,#3554,#3555,#3556,#3557,#3558,#3559,#3560,#3561,#3562,#3563,
#3564,#3565,#3566,#3567,#3568,#3569,#3570,#3571,#3572,#3573,#3574,#3575,
#3576,#3577,#3578,#3579),.UNSPECIFIED.,.F.,.F.,(4,3,3,3,3,3,3,3,3,3,3,3,
3,3,3,3,3,3,3,3,3,3,3,3,3,3,3,4),(0.,0.0151438251433442,0.0309596099892508,
0.0433481055575887,0.0480194423282344,0.0521569995024187,0.0684588111937598,
0.085061391879537,0.0963129375436412,0.10079502854546,0.104383825088314,
0.12145549551442,0.130067574535954,0.146660062626716,0.155838745834297,
0.158550071370831,0.175603919140277,0.193052791042082,0.204600277109059,
0.210947103414666,0.21506303090889,0.233049877062882,0.242953904785964,
0.247561583708036,0.251095269563207,0.26930023788058,0.272665987955212,
0.285142803995141),.UNSPECIFIED.);
#294=B_SPLINE_CURVE_WITH_KNOTS('',3,(#3580,#3581,#3582,#3583,#3584,#3585,
#3586,#3587,#3588,#3589,#3590,#3591,#3592,#3593,#3594,#3595,#3596,#3597,
#3598,#3599,#3600,#3601,#3602,#3603,#3604),.UNSPECIFIED.,.F.,.F.,(4,3,3,
3,3,3,3,3,4),(7.5927484481567,7.75808963442151,8.7278508387242,9.69761204302688,
10.6673732473296,11.6371344516323,12.606895655935,13.5766568602376,13.8759337553363),
 .UNSPECIFIED.);
#295=LINE('',#1701,#402);
#296=LINE('',#1722,#403);
#297=LINE('',#1776,#404);
#298=LINE('',#1824,#405);
#299=LINE('',#1863,#406);
#300=LINE('',#1887,#407);
#301=LINE('',#1912,#408);
#302=LINE('',#1937,#409);
#303=LINE('',#1954,#410);
#304=LINE('',#1975,#411);
#305=LINE('',#2029,#412);
#306=LINE('',#2077,#413);
#307=LINE('',#2116,#414);
#308=LINE('',#2140,#415);
#309=LINE('',#2165,#416);
#310=LINE('',#2190,#417);
#311=LINE('',#2208,#418);
#312=LINE('',#2214,#419);
#313=LINE('',#2221,#420);
#314=LINE('',#2224,#421);
#315=LINE('',#2227,#422);
#316=LINE('',#2229,#423);
#317=LINE('',#2230,#424);
#318=LINE('',#2232,#425);
#319=LINE('',#2235,#426);
#320=LINE('',#2237,#427);
#321=LINE('',#2239,#428);
#322=LINE('',#2241,#429);
#323=LINE('',#2243,#430);
#324=LINE('',#2244,#431);
#325=LINE('',#2250,#432);
#326=LINE('',#2253,#433);
#327=LINE('',#2256,#434);
#328=LINE('',#2258,#435);
#329=LINE('',#2259,#436);
#330=LINE('',#2265,#437);
#331=LINE('',#2267,#438);
#332=LINE('',#2268,#439);
#333=LINE('',#2270,#440);
#334=LINE('',#2273,#441);
#335=LINE('',#2275,#442);
#336=LINE('',#2276,#443);
#337=LINE('',#2282,#444);
#338=LINE('',#2284,#445);
#339=LINE('',#2286,#446);
#340=LINE('',#2287,#447);
#341=LINE('',#2290,#448);
#342=LINE('',#2292,#449);
#343=LINE('',#2293,#450);
#344=LINE('',#2295,#451);
#345=LINE('',#2301,#452);
#346=LINE('',#2304,#453);
#347=LINE('',#2307,#454);
#348=LINE('',#2309,#455);
#349=LINE('',#2310,#456);
#350=LINE('',#2956,#457);
#351=LINE('',#2958,#458);
#352=LINE('',#2960,#459);
#353=LINE('',#2961,#460);
#354=LINE('',#3608,#461);
#355=LINE('',#3610,#462);
#356=LINE('',#3611,#463);
#357=LINE('',#3613,#464);
#358=LINE('',#3616,#465);
#359=LINE('',#3618,#466);
#360=LINE('',#3619,#467);
#361=LINE('',#3622,#468);
#362=LINE('',#3624,#469);
#363=LINE('',#3625,#470);
#364=LINE('',#3628,#471);
#365=LINE('',#3630,#472);
#366=LINE('',#3631,#473);
#367=LINE('',#3633,#474);
#368=LINE('',#3634,#475);
#369=LINE('',#3637,#476);
#370=LINE('',#3640,#477);
#371=LINE('',#3641,#478);
#372=LINE('',#3645,#479);
#373=LINE('',#3648,#480);
#374=LINE('',#3649,#481);
#375=LINE('',#3651,#482);
#376=LINE('',#3654,#483);
#377=LINE('',#3655,#484);
#378=LINE('',#3659,#485);
#379=LINE('',#3661,#486);
#380=LINE('',#3663,#487);
#381=LINE('',#3670,#488);
#382=LINE('',#3673,#489);
#383=LINE('',#3676,#490);
#384=LINE('',#3678,#491);
#385=LINE('',#3679,#492);
#386=LINE('',#3682,#493);
#387=LINE('',#3684,#494);
#388=LINE('',#3685,#495);
#389=LINE('',#3688,#496);
#390=LINE('',#3690,#497);
#391=LINE('',#3691,#498);
#392=LINE('',#3697,#499);
#393=LINE('',#3699,#500);
#394=LINE('',#3700,#501);
#395=LINE('',#3708,#502);
#396=LINE('',#3711,#503);
#397=LINE('',#3714,#504);
#398=LINE('',#3716,#505);
#399=LINE('',#3717,#506);
#400=LINE('',#3719,#507);
#401=LINE('',#3720,#508);
#402=VECTOR('',#1402,1.2645);
#403=VECTOR('',#1407,1.2645);
#404=VECTOR('',#1410,1.2645);
#405=VECTOR('',#1413,1.2645);
#406=VECTOR('',#1418,1.543);
#407=VECTOR('',#1423,1.543);
#408=VECTOR('',#1426,1.543);
#409=VECTOR('',#1429,1.543);
#410=VECTOR('',#1434,1.2645);
#411=VECTOR('',#1439,1.2645);
#412=VECTOR('',#1442,1.2645);
#413=VECTOR('',#1445,1.2645);
#414=VECTOR('',#1450,1.543);
#415=VECTOR('',#1455,1.543);
#416=VECTOR('',#1458,1.543);
#417=VECTOR('',#1461,1.543);
#418=VECTOR('',#1468,1.2645);
#419=VECTOR('',#1475,1.2645);
#420=VECTOR('',#1482,10.);
#421=VECTOR('',#1485,10.);
#422=VECTOR('',#1488,10.);
#423=VECTOR('',#1489,10.);
#424=VECTOR('',#1490,10.);
#425=VECTOR('',#1493,10.);
#426=VECTOR('',#1496,10.);
#427=VECTOR('',#1497,10.);
#428=VECTOR('',#1498,10.);
#429=VECTOR('',#1499,10.);
#430=VECTOR('',#1500,10.);
#431=VECTOR('',#1501,10.);
#432=VECTOR('',#1506,10.);
#433=VECTOR('',#1509,10.);
#434=VECTOR('',#1512,10.);
#435=VECTOR('',#1513,10.);
#436=VECTOR('',#1514,10.);
#437=VECTOR('',#1521,10.);
#438=VECTOR('',#1524,10.);
#439=VECTOR('',#1525,10.);
#440=VECTOR('',#1528,10.);
#441=VECTOR('',#1531,10.);
#442=VECTOR('',#1532,10.);
#443=VECTOR('',#1533,10.);
#444=VECTOR('',#1538,10.);
#445=VECTOR('',#1539,10.);
#446=VECTOR('',#1540,10.);
#447=VECTOR('',#1541,10.);
#448=VECTOR('',#1544,10.);
#449=VECTOR('',#1545,10.);
#450=VECTOR('',#1546,10.);
#451=VECTOR('',#1549,10.);
#452=VECTOR('',#1554,10.);
#453=VECTOR('',#1557,10.);
#454=VECTOR('',#1560,10.);
#455=VECTOR('',#1561,10.);
#456=VECTOR('',#1562,10.);
#457=VECTOR('',#1567,10.);
#458=VECTOR('',#1568,10.);
#459=VECTOR('',#1569,10.);
#460=VECTOR('',#1570,10.);
#461=VECTOR('',#1579,10.);
#462=VECTOR('',#1580,10.);
#463=VECTOR('',#1581,10.);
#464=VECTOR('',#1584,10.);
#465=VECTOR('',#1587,10.);
#466=VECTOR('',#1588,10.);
#467=VECTOR('',#1589,10.);
#468=VECTOR('',#1592,10.);
#469=VECTOR('',#1593,10.);
#470=VECTOR('',#1594,10.);
#471=VECTOR('',#1597,10.);
#472=VECTOR('',#1598,10.);
#473=VECTOR('',#1599,10.);
#474=VECTOR('',#1600,10.);
#475=VECTOR('',#1601,10.);
#476=VECTOR('',#1604,10.);
#477=VECTOR('',#1607,10.);
#478=VECTOR('',#1608,10.);
#479=VECTOR('',#1613,2.015);
#480=VECTOR('',#1616,10.);
#481=VECTOR('',#1617,10.);
#482=VECTOR('',#1620,10.);
#483=VECTOR('',#1623,10.);
#484=VECTOR('',#1624,10.);
#485=VECTOR('',#1629,10.);
#486=VECTOR('',#1632,10.);
#487=VECTOR('',#1635,10.);
#488=VECTOR('',#1642,10.);
#489=VECTOR('',#1645,10.);
#490=VECTOR('',#1648,10.);
#491=VECTOR('',#1649,10.);
#492=VECTOR('',#1650,10.);
#493=VECTOR('',#1653,10.);
#494=VECTOR('',#1654,10.);
#495=VECTOR('',#1655,10.);
#496=VECTOR('',#1658,10.);
#497=VECTOR('',#1659,10.);
#498=VECTOR('',#1660,10.);
#499=VECTOR('',#1667,10.);
#500=VECTOR('',#1670,10.);
#501=VECTOR('',#1671,10.);
#502=VECTOR('',#1680,10.);
#503=VECTOR('',#1683,10.);
#504=VECTOR('',#1686,10.);
#505=VECTOR('',#1687,10.);
#506=VECTOR('',#1688,10.);
#507=VECTOR('',#1691,10.);
#508=VECTOR('',#1692,10.);
#509=VERTEX_POINT('',#1699);
#510=VERTEX_POINT('',#1700);
#511=VERTEX_POINT('',#1702);
#512=VERTEX_POINT('',#1707);
#513=VERTEX_POINT('',#1720);
#514=VERTEX_POINT('',#1721);
#515=VERTEX_POINT('',#1774);
#516=VERTEX_POINT('',#1775);
#517=VERTEX_POINT('',#1822);
#518=VERTEX_POINT('',#1823);
#519=VERTEX_POINT('',#1825);
#520=VERTEX_POINT('',#1839);
#521=VERTEX_POINT('',#1861);
#522=VERTEX_POINT('',#1862);
#523=VERTEX_POINT('',#1864);
#524=VERTEX_POINT('',#1873);
#525=VERTEX_POINT('',#1885);
#526=VERTEX_POINT('',#1886);
#527=VERTEX_POINT('',#1910);
#528=VERTEX_POINT('',#1911);
#529=VERTEX_POINT('',#1935);
#530=VERTEX_POINT('',#1936);
#531=VERTEX_POINT('',#1938);
#532=VERTEX_POINT('',#1944);
#533=VERTEX_POINT('',#1952);
#534=VERTEX_POINT('',#1953);
#535=VERTEX_POINT('',#1955);
#536=VERTEX_POINT('',#1960);
#537=VERTEX_POINT('',#1973);
#538=VERTEX_POINT('',#1974);
#539=VERTEX_POINT('',#2027);
#540=VERTEX_POINT('',#2028);
#541=VERTEX_POINT('',#2075);
#542=VERTEX_POINT('',#2076);
#543=VERTEX_POINT('',#2078);
#544=VERTEX_POINT('',#2092);
#545=VERTEX_POINT('',#2114);
#546=VERTEX_POINT('',#2115);
#547=VERTEX_POINT('',#2117);
#548=VERTEX_POINT('',#2126);
#549=VERTEX_POINT('',#2138);
#550=VERTEX_POINT('',#2139);
#551=VERTEX_POINT('',#2163);
#552=VERTEX_POINT('',#2164);
#553=VERTEX_POINT('',#2188);
#554=VERTEX_POINT('',#2189);
#555=VERTEX_POINT('',#2191);
#556=VERTEX_POINT('',#2197);
#557=VERTEX_POINT('',#2205);
#558=VERTEX_POINT('',#2207);
#559=VERTEX_POINT('',#2211);
#560=VERTEX_POINT('',#2213);
#561=VERTEX_POINT('',#2217);
#562=VERTEX_POINT('',#2218);
#563=VERTEX_POINT('',#2220);
#564=VERTEX_POINT('',#2222);
#565=VERTEX_POINT('',#2226);
#566=VERTEX_POINT('',#2228);
#567=VERTEX_POINT('',#2234);
#568=VERTEX_POINT('',#2236);
#569=VERTEX_POINT('',#2238);
#570=VERTEX_POINT('',#2240);
#571=VERTEX_POINT('',#2242);
#572=VERTEX_POINT('',#2246);
#573=VERTEX_POINT('',#2247);
#574=VERTEX_POINT('',#2249);
#575=VERTEX_POINT('',#2251);
#576=VERTEX_POINT('',#2255);
#577=VERTEX_POINT('',#2257);
#578=VERTEX_POINT('',#2261);
#579=VERTEX_POINT('',#2263);
#580=VERTEX_POINT('',#2272);
#581=VERTEX_POINT('',#2274);
#582=VERTEX_POINT('',#2277);
#583=VERTEX_POINT('',#2280);
#584=VERTEX_POINT('',#2281);
#585=VERTEX_POINT('',#2283);
#586=VERTEX_POINT('',#2285);
#587=VERTEX_POINT('',#2289);
#588=VERTEX_POINT('',#2291);
#589=VERTEX_POINT('',#2297);
#590=VERTEX_POINT('',#2298);
#591=VERTEX_POINT('',#2300);
#592=VERTEX_POINT('',#2302);
#593=VERTEX_POINT('',#2306);
#594=VERTEX_POINT('',#2308);
#595=VERTEX_POINT('',#2954);
#596=VERTEX_POINT('',#2955);
#597=VERTEX_POINT('',#2957);
#598=VERTEX_POINT('',#2959);
#599=VERTEX_POINT('',#3607);
#600=VERTEX_POINT('',#3609);
#601=VERTEX_POINT('',#3615);
#602=VERTEX_POINT('',#3617);
#603=VERTEX_POINT('',#3621);
#604=VERTEX_POINT('',#3623);
#605=VERTEX_POINT('',#3627);
#606=VERTEX_POINT('',#3629);
#607=VERTEX_POINT('',#3632);
#608=VERTEX_POINT('',#3635);
#609=VERTEX_POINT('',#3639);
#610=VERTEX_POINT('',#3643);
#611=VERTEX_POINT('',#3647);
#612=VERTEX_POINT('',#3653);
#613=VERTEX_POINT('',#3657);
#614=VERTEX_POINT('',#3666);
#615=VERTEX_POINT('',#3667);
#616=VERTEX_POINT('',#3669);
#617=VERTEX_POINT('',#3671);
#618=VERTEX_POINT('',#3675);
#619=VERTEX_POINT('',#3677);
#620=VERTEX_POINT('',#3681);
#621=VERTEX_POINT('',#3683);
#622=VERTEX_POINT('',#3687);
#623=VERTEX_POINT('',#3689);
#624=VERTEX_POINT('',#3693);
#625=VERTEX_POINT('',#3695);
#626=VERTEX_POINT('',#3704);
#627=VERTEX_POINT('',#3705);
#628=VERTEX_POINT('',#3707);
#629=VERTEX_POINT('',#3709);
#630=VERTEX_POINT('',#3713);
#631=VERTEX_POINT('',#3715);
#632=EDGE_CURVE('',#509,#510,#295,.T.);
#633=EDGE_CURVE('',#510,#511,#247,.T.);
#634=EDGE_CURVE('',#512,#511,#217,.T.);
#635=EDGE_CURVE('',#512,#509,#248,.T.);
#636=EDGE_CURVE('',#513,#514,#296,.T.);
#637=EDGE_CURVE('',#514,#510,#249,.T.);
#638=EDGE_CURVE('',#509,#513,#250,.T.);
#639=EDGE_CURVE('',#515,#516,#297,.T.);
#640=EDGE_CURVE('',#516,#514,#251,.T.);
#641=EDGE_CURVE('',#513,#515,#252,.T.);
#642=EDGE_CURVE('',#517,#518,#298,.T.);
#643=EDGE_CURVE('',#517,#519,#253,.T.);
#644=EDGE_CURVE('',#520,#519,#218,.T.);
#645=EDGE_CURVE('',#520,#518,#254,.T.);
#646=EDGE_CURVE('',#521,#522,#299,.T.);
#647=EDGE_CURVE('',#522,#523,#255,.T.);
#648=EDGE_CURVE('',#524,#523,#219,.T.);
#649=EDGE_CURVE('',#521,#524,#256,.T.);
#650=EDGE_CURVE('',#525,#526,#300,.T.);
#651=EDGE_CURVE('',#526,#522,#257,.T.);
#652=EDGE_CURVE('',#525,#521,#258,.T.);
#653=EDGE_CURVE('',#527,#528,#301,.T.);
#654=EDGE_CURVE('',#528,#526,#259,.T.);
#655=EDGE_CURVE('',#527,#525,#260,.T.);
#656=EDGE_CURVE('',#529,#530,#302,.T.);
#657=EDGE_CURVE('',#531,#529,#261,.T.);
#658=EDGE_CURVE('',#532,#531,#220,.T.);
#659=EDGE_CURVE('',#532,#530,#262,.T.);
#660=EDGE_CURVE('',#533,#534,#303,.T.);
#661=EDGE_CURVE('',#534,#535,#263,.T.);
#662=EDGE_CURVE('',#536,#535,#221,.T.);
#663=EDGE_CURVE('',#536,#533,#264,.T.);
#664=EDGE_CURVE('',#537,#538,#304,.T.);
#665=EDGE_CURVE('',#538,#534,#265,.T.);
#666=EDGE_CURVE('',#533,#537,#266,.T.);
#667=EDGE_CURVE('',#539,#540,#305,.T.);
#668=EDGE_CURVE('',#540,#538,#267,.T.);
#669=EDGE_CURVE('',#537,#539,#268,.T.);
#670=EDGE_CURVE('',#541,#542,#306,.T.);
#671=EDGE_CURVE('',#541,#543,#269,.T.);
#672=EDGE_CURVE('',#544,#543,#222,.T.);
#673=EDGE_CURVE('',#544,#542,#270,.T.);
#674=EDGE_CURVE('',#545,#546,#307,.T.);
#675=EDGE_CURVE('',#546,#547,#271,.T.);
#676=EDGE_CURVE('',#548,#547,#223,.T.);
#677=EDGE_CURVE('',#545,#548,#272,.T.);
#678=EDGE_CURVE('',#549,#550,#308,.T.);
#679=EDGE_CURVE('',#550,#546,#273,.T.);
#680=EDGE_CURVE('',#549,#545,#274,.T.);
#681=EDGE_CURVE('',#551,#552,#309,.T.);
#682=EDGE_CURVE('',#552,#550,#275,.T.);
#683=EDGE_CURVE('',#551,#549,#276,.T.);
#684=EDGE_CURVE('',#553,#554,#310,.T.);
#685=EDGE_CURVE('',#555,#553,#277,.T.);
#686=EDGE_CURVE('',#556,#555,#224,.T.);
#687=EDGE_CURVE('',#556,#554,#278,.T.);
#688=EDGE_CURVE('',#557,#557,#225,.T.);
#689=EDGE_CURVE('',#557,#558,#311,.T.);
#690=EDGE_CURVE('',#558,#558,#226,.T.);
#691=EDGE_CURVE('',#559,#559,#227,.T.);
#692=EDGE_CURVE('',#559,#560,#312,.T.);
#693=EDGE_CURVE('',#560,#560,#228,.T.);
#694=EDGE_CURVE('',#561,#562,#229,.T.);
#695=EDGE_CURVE('',#561,#563,#313,.T.);
#696=EDGE_CURVE('',#564,#563,#230,.T.);
#697=EDGE_CURVE('',#564,#562,#314,.T.);
#698=EDGE_CURVE('',#561,#565,#315,.T.);
#699=EDGE_CURVE('',#566,#565,#316,.T.);
#700=EDGE_CURVE('',#563,#566,#317,.T.);
#701=EDGE_CURVE('',#565,#562,#318,.T.);
#702=EDGE_CURVE('',#567,#564,#319,.T.);
#703=EDGE_CURVE('',#567,#568,#320,.T.);
#704=EDGE_CURVE('',#568,#569,#321,.T.);
#705=EDGE_CURVE('',#570,#569,#322,.T.);
#706=EDGE_CURVE('',#570,#571,#323,.T.);
#707=EDGE_CURVE('',#565,#571,#324,.T.);
#708=EDGE_CURVE('',#572,#573,#231,.T.);
#709=EDGE_CURVE('',#572,#574,#325,.T.);
#710=EDGE_CURVE('',#575,#574,#232,.T.);
#711=EDGE_CURVE('',#573,#575,#326,.T.);
#712=EDGE_CURVE('',#576,#573,#327,.T.);
#713=EDGE_CURVE('',#577,#575,#328,.T.);
#714=EDGE_CURVE('',#576,#577,#329,.T.);
#715=EDGE_CURVE('',#568,#578,#233,.T.);
#716=EDGE_CURVE('',#579,#567,#234,.T.);
#717=EDGE_CURVE('',#578,#579,#330,.T.);
#718=EDGE_CURVE('',#572,#578,#331,.T.);
#719=EDGE_CURVE('',#574,#579,#332,.T.);
#720=EDGE_CURVE('',#569,#576,#333,.T.);
#721=EDGE_CURVE('',#580,#577,#334,.T.);
#722=EDGE_CURVE('',#581,#580,#335,.T.);
#723=EDGE_CURVE('',#581,#570,#336,.T.);
#724=EDGE_CURVE('',#582,#582,#235,.T.);
#725=EDGE_CURVE('',#583,#584,#337,.T.);
#726=EDGE_CURVE('',#583,#585,#338,.T.);
#727=EDGE_CURVE('',#586,#585,#339,.T.);
#728=EDGE_CURVE('',#584,#586,#340,.T.);
#729=EDGE_CURVE('',#587,#584,#341,.T.);
#730=EDGE_CURVE('',#587,#588,#342,.T.);
#731=EDGE_CURVE('',#583,#588,#343,.T.);
#732=EDGE_CURVE('',#586,#587,#344,.T.);
#733=EDGE_CURVE('',#589,#590,#236,.T.);
#734=EDGE_CURVE('',#590,#591,#345,.T.);
#735=EDGE_CURVE('',#592,#591,#237,.T.);
#736=EDGE_CURVE('',#592,#589,#346,.T.);
#737=EDGE_CURVE('',#593,#592,#347,.T.);
#738=EDGE_CURVE('',#594,#593,#348,.T.);
#739=EDGE_CURVE('',#589,#594,#349,.T.);
#740=EDGE_CURVE('',#554,#552,#279,.T.);
#741=EDGE_CURVE('',#553,#551,#280,.T.);
#742=EDGE_CURVE('',#547,#536,#281,.T.);
#743=EDGE_CURVE('',#543,#556,#282,.T.);
#744=EDGE_CURVE('',#539,#541,#283,.T.);
#745=EDGE_CURVE('',#535,#548,#284,.T.);
#746=EDGE_CURVE('',#542,#540,#285,.T.);
#747=EDGE_CURVE('',#555,#544,#286,.T.);
#748=EDGE_CURVE('',#595,#596,#350,.T.);
#749=EDGE_CURVE('',#596,#597,#351,.T.);
#750=EDGE_CURVE('',#597,#598,#352,.T.);
#751=EDGE_CURVE('',#595,#598,#353,.T.);
#752=EDGE_CURVE('',#519,#532,#287,.T.);
#753=EDGE_CURVE('',#531,#520,#288,.T.);
#754=EDGE_CURVE('',#530,#528,#289,.T.);
#755=EDGE_CURVE('',#529,#527,#290,.T.);
#756=EDGE_CURVE('',#523,#512,#291,.T.);
#757=EDGE_CURVE('',#515,#517,#292,.T.);
#758=EDGE_CURVE('',#511,#524,#293,.T.);
#759=EDGE_CURVE('',#518,#516,#294,.T.);
#760=EDGE_CURVE('',#599,#590,#354,.T.);
#761=EDGE_CURVE('',#599,#600,#355,.T.);
#762=EDGE_CURVE('',#591,#600,#356,.T.);
#763=EDGE_CURVE('',#588,#585,#357,.T.);
#764=EDGE_CURVE('',#600,#601,#358,.T.);
#765=EDGE_CURVE('',#601,#602,#359,.T.);
#766=EDGE_CURVE('',#593,#602,#360,.T.);
#767=EDGE_CURVE('',#603,#594,#361,.T.);
#768=EDGE_CURVE('',#604,#603,#362,.T.);
#769=EDGE_CURVE('',#599,#604,#363,.T.);
#770=EDGE_CURVE('',#605,#603,#364,.T.);
#771=EDGE_CURVE('',#602,#606,#365,.T.);
#772=EDGE_CURVE('',#606,#595,#366,.T.);
#773=EDGE_CURVE('',#598,#607,#367,.T.);
#774=EDGE_CURVE('',#607,#580,#368,.T.);
#775=EDGE_CURVE('',#566,#608,#238,.T.);
#776=EDGE_CURVE('',#608,#605,#369,.T.);
#777=EDGE_CURVE('',#609,#605,#370,.T.);
#778=EDGE_CURVE('',#609,#604,#371,.T.);
#779=EDGE_CURVE('',#610,#610,#239,.T.);
#780=EDGE_CURVE('',#610,#582,#372,.T.);
#781=EDGE_CURVE('',#601,#611,#373,.T.);
#782=EDGE_CURVE('',#611,#606,#374,.T.);
#783=EDGE_CURVE('',#596,#611,#375,.T.);
#784=EDGE_CURVE('',#612,#607,#376,.T.);
#785=EDGE_CURVE('',#597,#612,#377,.T.);
#786=EDGE_CURVE('',#571,#613,#240,.T.);
#787=EDGE_CURVE('',#613,#608,#378,.T.);
#788=EDGE_CURVE('',#613,#609,#379,.T.);
#789=EDGE_CURVE('',#612,#581,#380,.T.);
#790=EDGE_CURVE('',#614,#615,#241,.T.);
#791=EDGE_CURVE('',#614,#616,#381,.T.);
#792=EDGE_CURVE('',#617,#616,#242,.T.);
#793=EDGE_CURVE('',#615,#617,#382,.T.);
#794=EDGE_CURVE('',#618,#615,#383,.T.);
#795=EDGE_CURVE('',#619,#617,#384,.T.);
#796=EDGE_CURVE('',#618,#619,#385,.T.);
#797=EDGE_CURVE('',#618,#620,#386,.T.);
#798=EDGE_CURVE('',#621,#619,#387,.T.);
#799=EDGE_CURVE('',#620,#621,#388,.T.);
#800=EDGE_CURVE('',#622,#620,#389,.T.);
#801=EDGE_CURVE('',#623,#621,#390,.T.);
#802=EDGE_CURVE('',#622,#623,#391,.T.);
#803=EDGE_CURVE('',#622,#624,#243,.T.);
#804=EDGE_CURVE('',#625,#623,#244,.T.);
#805=EDGE_CURVE('',#624,#625,#392,.T.);
#806=EDGE_CURVE('',#614,#624,#393,.T.);
#807=EDGE_CURVE('',#616,#625,#394,.T.);
#808=EDGE_CURVE('',#626,#627,#245,.T.);
#809=EDGE_CURVE('',#626,#628,#395,.T.);
#810=EDGE_CURVE('',#629,#628,#246,.T.);
#811=EDGE_CURVE('',#627,#629,#396,.T.);
#812=EDGE_CURVE('',#630,#627,#397,.T.);
#813=EDGE_CURVE('',#631,#629,#398,.T.);
#814=EDGE_CURVE('',#630,#631,#399,.T.);
#815=EDGE_CURVE('',#626,#630,#400,.T.);
#816=EDGE_CURVE('',#628,#631,#401,.T.);
#817=ORIENTED_EDGE('',*,*,#632,.T.);
#818=ORIENTED_EDGE('',*,*,#633,.T.);
#819=ORIENTED_EDGE('',*,*,#634,.F.);
#820=ORIENTED_EDGE('',*,*,#635,.T.);
#821=ORIENTED_EDGE('',*,*,#636,.T.);
#822=ORIENTED_EDGE('',*,*,#637,.T.);
#823=ORIENTED_EDGE('',*,*,#632,.F.);
#824=ORIENTED_EDGE('',*,*,#638,.T.);
#825=ORIENTED_EDGE('',*,*,#639,.T.);
#826=ORIENTED_EDGE('',*,*,#640,.T.);
#827=ORIENTED_EDGE('',*,*,#636,.F.);
#828=ORIENTED_EDGE('',*,*,#641,.T.);
#829=ORIENTED_EDGE('',*,*,#642,.F.);
#830=ORIENTED_EDGE('',*,*,#643,.T.);
#831=ORIENTED_EDGE('',*,*,#644,.F.);
#832=ORIENTED_EDGE('',*,*,#645,.T.);
#833=ORIENTED_EDGE('',*,*,#646,.T.);
#834=ORIENTED_EDGE('',*,*,#647,.T.);
#835=ORIENTED_EDGE('',*,*,#648,.F.);
#836=ORIENTED_EDGE('',*,*,#649,.F.);
#837=ORIENTED_EDGE('',*,*,#650,.T.);
#838=ORIENTED_EDGE('',*,*,#651,.T.);
#839=ORIENTED_EDGE('',*,*,#646,.F.);
#840=ORIENTED_EDGE('',*,*,#652,.F.);
#841=ORIENTED_EDGE('',*,*,#653,.T.);
#842=ORIENTED_EDGE('',*,*,#654,.T.);
#843=ORIENTED_EDGE('',*,*,#650,.F.);
#844=ORIENTED_EDGE('',*,*,#655,.F.);
#845=ORIENTED_EDGE('',*,*,#656,.F.);
#846=ORIENTED_EDGE('',*,*,#657,.F.);
#847=ORIENTED_EDGE('',*,*,#658,.F.);
#848=ORIENTED_EDGE('',*,*,#659,.T.);
#849=ORIENTED_EDGE('',*,*,#660,.T.);
#850=ORIENTED_EDGE('',*,*,#661,.T.);
#851=ORIENTED_EDGE('',*,*,#662,.F.);
#852=ORIENTED_EDGE('',*,*,#663,.T.);
#853=ORIENTED_EDGE('',*,*,#664,.T.);
#854=ORIENTED_EDGE('',*,*,#665,.T.);
#855=ORIENTED_EDGE('',*,*,#660,.F.);
#856=ORIENTED_EDGE('',*,*,#666,.T.);
#857=ORIENTED_EDGE('',*,*,#667,.T.);
#858=ORIENTED_EDGE('',*,*,#668,.T.);
#859=ORIENTED_EDGE('',*,*,#664,.F.);
#860=ORIENTED_EDGE('',*,*,#669,.T.);
#861=ORIENTED_EDGE('',*,*,#670,.F.);
#862=ORIENTED_EDGE('',*,*,#671,.T.);
#863=ORIENTED_EDGE('',*,*,#672,.F.);
#864=ORIENTED_EDGE('',*,*,#673,.T.);
#865=ORIENTED_EDGE('',*,*,#674,.T.);
#866=ORIENTED_EDGE('',*,*,#675,.T.);
#867=ORIENTED_EDGE('',*,*,#676,.F.);
#868=ORIENTED_EDGE('',*,*,#677,.F.);
#869=ORIENTED_EDGE('',*,*,#678,.T.);
#870=ORIENTED_EDGE('',*,*,#679,.T.);
#871=ORIENTED_EDGE('',*,*,#674,.F.);
#872=ORIENTED_EDGE('',*,*,#680,.F.);
#873=ORIENTED_EDGE('',*,*,#681,.T.);
#874=ORIENTED_EDGE('',*,*,#682,.T.);
#875=ORIENTED_EDGE('',*,*,#678,.F.);
#876=ORIENTED_EDGE('',*,*,#683,.F.);
#877=ORIENTED_EDGE('',*,*,#684,.F.);
#878=ORIENTED_EDGE('',*,*,#685,.F.);
#879=ORIENTED_EDGE('',*,*,#686,.F.);
#880=ORIENTED_EDGE('',*,*,#687,.T.);
#881=ORIENTED_EDGE('',*,*,#688,.F.);
#882=ORIENTED_EDGE('',*,*,#689,.T.);
#883=ORIENTED_EDGE('',*,*,#690,.F.);
#884=ORIENTED_EDGE('',*,*,#689,.F.);
#885=ORIENTED_EDGE('',*,*,#691,.F.);
#886=ORIENTED_EDGE('',*,*,#692,.T.);
#887=ORIENTED_EDGE('',*,*,#693,.F.);
#888=ORIENTED_EDGE('',*,*,#692,.F.);
#889=ORIENTED_EDGE('',*,*,#694,.F.);
#890=ORIENTED_EDGE('',*,*,#695,.T.);
#891=ORIENTED_EDGE('',*,*,#696,.F.);
#892=ORIENTED_EDGE('',*,*,#697,.T.);
#893=ORIENTED_EDGE('',*,*,#698,.T.);
#894=ORIENTED_EDGE('',*,*,#699,.F.);
#895=ORIENTED_EDGE('',*,*,#700,.F.);
#896=ORIENTED_EDGE('',*,*,#695,.F.);
#897=ORIENTED_EDGE('',*,*,#698,.F.);
#898=ORIENTED_EDGE('',*,*,#694,.T.);
#899=ORIENTED_EDGE('',*,*,#701,.F.);
#900=ORIENTED_EDGE('',*,*,#701,.T.);
#901=ORIENTED_EDGE('',*,*,#697,.F.);
#902=ORIENTED_EDGE('',*,*,#702,.F.);
#903=ORIENTED_EDGE('',*,*,#703,.T.);
#904=ORIENTED_EDGE('',*,*,#704,.T.);
#905=ORIENTED_EDGE('',*,*,#705,.F.);
#906=ORIENTED_EDGE('',*,*,#706,.T.);
#907=ORIENTED_EDGE('',*,*,#707,.F.);
#908=ORIENTED_EDGE('',*,*,#708,.F.);
#909=ORIENTED_EDGE('',*,*,#709,.T.);
#910=ORIENTED_EDGE('',*,*,#710,.F.);
#911=ORIENTED_EDGE('',*,*,#711,.F.);
#912=ORIENTED_EDGE('',*,*,#712,.T.);
#913=ORIENTED_EDGE('',*,*,#711,.T.);
#914=ORIENTED_EDGE('',*,*,#713,.F.);
#915=ORIENTED_EDGE('',*,*,#714,.F.);
#916=ORIENTED_EDGE('',*,*,#715,.F.);
#917=ORIENTED_EDGE('',*,*,#703,.F.);
#918=ORIENTED_EDGE('',*,*,#716,.F.);
#919=ORIENTED_EDGE('',*,*,#717,.F.);
#920=ORIENTED_EDGE('',*,*,#718,.T.);
#921=ORIENTED_EDGE('',*,*,#717,.T.);
#922=ORIENTED_EDGE('',*,*,#719,.F.);
#923=ORIENTED_EDGE('',*,*,#709,.F.);
#924=ORIENTED_EDGE('',*,*,#718,.F.);
#925=ORIENTED_EDGE('',*,*,#708,.T.);
#926=ORIENTED_EDGE('',*,*,#712,.F.);
#927=ORIENTED_EDGE('',*,*,#720,.F.);
#928=ORIENTED_EDGE('',*,*,#704,.F.);
#929=ORIENTED_EDGE('',*,*,#715,.T.);
#930=ORIENTED_EDGE('',*,*,#720,.T.);
#931=ORIENTED_EDGE('',*,*,#714,.T.);
#932=ORIENTED_EDGE('',*,*,#721,.F.);
#933=ORIENTED_EDGE('',*,*,#722,.F.);
#934=ORIENTED_EDGE('',*,*,#723,.T.);
#935=ORIENTED_EDGE('',*,*,#705,.T.);
#936=ORIENTED_EDGE('',*,*,#724,.T.);
#937=ORIENTED_EDGE('',*,*,#725,.F.);
#938=ORIENTED_EDGE('',*,*,#726,.T.);
#939=ORIENTED_EDGE('',*,*,#727,.F.);
#940=ORIENTED_EDGE('',*,*,#728,.F.);
#941=ORIENTED_EDGE('',*,*,#725,.T.);
#942=ORIENTED_EDGE('',*,*,#729,.F.);
#943=ORIENTED_EDGE('',*,*,#730,.T.);
#944=ORIENTED_EDGE('',*,*,#731,.F.);
#945=ORIENTED_EDGE('',*,*,#728,.T.);
#946=ORIENTED_EDGE('',*,*,#732,.T.);
#947=ORIENTED_EDGE('',*,*,#729,.T.);
#948=ORIENTED_EDGE('',*,*,#688,.T.);
#949=ORIENTED_EDGE('',*,*,#691,.T.);
#950=ORIENTED_EDGE('',*,*,#733,.T.);
#951=ORIENTED_EDGE('',*,*,#734,.T.);
#952=ORIENTED_EDGE('',*,*,#735,.F.);
#953=ORIENTED_EDGE('',*,*,#736,.T.);
#954=ORIENTED_EDGE('',*,*,#736,.F.);
#955=ORIENTED_EDGE('',*,*,#737,.F.);
#956=ORIENTED_EDGE('',*,*,#738,.F.);
#957=ORIENTED_EDGE('',*,*,#739,.F.);
#958=ORIENTED_EDGE('',*,*,#684,.T.);
#959=ORIENTED_EDGE('',*,*,#740,.T.);
#960=ORIENTED_EDGE('',*,*,#681,.F.);
#961=ORIENTED_EDGE('',*,*,#741,.F.);
#962=ORIENTED_EDGE('',*,*,#742,.F.);
#963=ORIENTED_EDGE('',*,*,#675,.F.);
#964=ORIENTED_EDGE('',*,*,#679,.F.);
#965=ORIENTED_EDGE('',*,*,#682,.F.);
#966=ORIENTED_EDGE('',*,*,#740,.F.);
#967=ORIENTED_EDGE('',*,*,#687,.F.);
#968=ORIENTED_EDGE('',*,*,#743,.F.);
#969=ORIENTED_EDGE('',*,*,#671,.F.);
#970=ORIENTED_EDGE('',*,*,#744,.F.);
#971=ORIENTED_EDGE('',*,*,#669,.F.);
#972=ORIENTED_EDGE('',*,*,#666,.F.);
#973=ORIENTED_EDGE('',*,*,#663,.F.);
#974=ORIENTED_EDGE('',*,*,#745,.F.);
#975=ORIENTED_EDGE('',*,*,#661,.F.);
#976=ORIENTED_EDGE('',*,*,#665,.F.);
#977=ORIENTED_EDGE('',*,*,#668,.F.);
#978=ORIENTED_EDGE('',*,*,#746,.F.);
#979=ORIENTED_EDGE('',*,*,#673,.F.);
#980=ORIENTED_EDGE('',*,*,#747,.F.);
#981=ORIENTED_EDGE('',*,*,#685,.T.);
#982=ORIENTED_EDGE('',*,*,#741,.T.);
#983=ORIENTED_EDGE('',*,*,#683,.T.);
#984=ORIENTED_EDGE('',*,*,#680,.T.);
#985=ORIENTED_EDGE('',*,*,#677,.T.);
#986=ORIENTED_EDGE('',*,*,#748,.T.);
#987=ORIENTED_EDGE('',*,*,#749,.T.);
#988=ORIENTED_EDGE('',*,*,#750,.T.);
#989=ORIENTED_EDGE('',*,*,#751,.F.);
#990=ORIENTED_EDGE('',*,*,#752,.T.);
#991=ORIENTED_EDGE('',*,*,#658,.T.);
#992=ORIENTED_EDGE('',*,*,#753,.T.);
#993=ORIENTED_EDGE('',*,*,#644,.T.);
#994=ORIENTED_EDGE('',*,*,#743,.T.);
#995=ORIENTED_EDGE('',*,*,#686,.T.);
#996=ORIENTED_EDGE('',*,*,#747,.T.);
#997=ORIENTED_EDGE('',*,*,#672,.T.);
#998=ORIENTED_EDGE('',*,*,#670,.T.);
#999=ORIENTED_EDGE('',*,*,#746,.T.);
#1000=ORIENTED_EDGE('',*,*,#667,.F.);
#1001=ORIENTED_EDGE('',*,*,#744,.T.);
#1002=ORIENTED_EDGE('',*,*,#656,.T.);
#1003=ORIENTED_EDGE('',*,*,#754,.T.);
#1004=ORIENTED_EDGE('',*,*,#653,.F.);
#1005=ORIENTED_EDGE('',*,*,#755,.F.);
#1006=ORIENTED_EDGE('',*,*,#756,.F.);
#1007=ORIENTED_EDGE('',*,*,#647,.F.);
#1008=ORIENTED_EDGE('',*,*,#651,.F.);
#1009=ORIENTED_EDGE('',*,*,#654,.F.);
#1010=ORIENTED_EDGE('',*,*,#754,.F.);
#1011=ORIENTED_EDGE('',*,*,#659,.F.);
#1012=ORIENTED_EDGE('',*,*,#752,.F.);
#1013=ORIENTED_EDGE('',*,*,#643,.F.);
#1014=ORIENTED_EDGE('',*,*,#757,.F.);
#1015=ORIENTED_EDGE('',*,*,#641,.F.);
#1016=ORIENTED_EDGE('',*,*,#638,.F.);
#1017=ORIENTED_EDGE('',*,*,#635,.F.);
#1018=ORIENTED_EDGE('',*,*,#758,.F.);
#1019=ORIENTED_EDGE('',*,*,#633,.F.);
#1020=ORIENTED_EDGE('',*,*,#637,.F.);
#1021=ORIENTED_EDGE('',*,*,#640,.F.);
#1022=ORIENTED_EDGE('',*,*,#759,.F.);
#1023=ORIENTED_EDGE('',*,*,#645,.F.);
#1024=ORIENTED_EDGE('',*,*,#753,.F.);
#1025=ORIENTED_EDGE('',*,*,#657,.T.);
#1026=ORIENTED_EDGE('',*,*,#755,.T.);
#1027=ORIENTED_EDGE('',*,*,#655,.T.);
#1028=ORIENTED_EDGE('',*,*,#652,.T.);
#1029=ORIENTED_EDGE('',*,*,#649,.T.);
#1030=ORIENTED_EDGE('',*,*,#642,.T.);
#1031=ORIENTED_EDGE('',*,*,#759,.T.);
#1032=ORIENTED_EDGE('',*,*,#639,.F.);
#1033=ORIENTED_EDGE('',*,*,#757,.T.);
#1034=ORIENTED_EDGE('',*,*,#734,.F.);
#1035=ORIENTED_EDGE('',*,*,#760,.F.);
#1036=ORIENTED_EDGE('',*,*,#761,.T.);
#1037=ORIENTED_EDGE('',*,*,#762,.F.);
#1038=ORIENTED_EDGE('',*,*,#727,.T.);
#1039=ORIENTED_EDGE('',*,*,#763,.F.);
#1040=ORIENTED_EDGE('',*,*,#730,.F.);
#1041=ORIENTED_EDGE('',*,*,#732,.F.);
#1042=ORIENTED_EDGE('',*,*,#737,.T.);
#1043=ORIENTED_EDGE('',*,*,#735,.T.);
#1044=ORIENTED_EDGE('',*,*,#762,.T.);
#1045=ORIENTED_EDGE('',*,*,#764,.T.);
#1046=ORIENTED_EDGE('',*,*,#765,.T.);
#1047=ORIENTED_EDGE('',*,*,#766,.F.);
#1048=ORIENTED_EDGE('',*,*,#733,.F.);
#1049=ORIENTED_EDGE('',*,*,#739,.T.);
#1050=ORIENTED_EDGE('',*,*,#767,.F.);
#1051=ORIENTED_EDGE('',*,*,#768,.F.);
#1052=ORIENTED_EDGE('',*,*,#769,.F.);
#1053=ORIENTED_EDGE('',*,*,#760,.T.);
#1054=ORIENTED_EDGE('',*,*,#731,.T.);
#1055=ORIENTED_EDGE('',*,*,#763,.T.);
#1056=ORIENTED_EDGE('',*,*,#726,.F.);
#1057=ORIENTED_EDGE('',*,*,#770,.T.);
#1058=ORIENTED_EDGE('',*,*,#767,.T.);
#1059=ORIENTED_EDGE('',*,*,#738,.T.);
#1060=ORIENTED_EDGE('',*,*,#766,.T.);
#1061=ORIENTED_EDGE('',*,*,#771,.T.);
#1062=ORIENTED_EDGE('',*,*,#772,.T.);
#1063=ORIENTED_EDGE('',*,*,#751,.T.);
#1064=ORIENTED_EDGE('',*,*,#773,.T.);
#1065=ORIENTED_EDGE('',*,*,#774,.T.);
#1066=ORIENTED_EDGE('',*,*,#721,.T.);
#1067=ORIENTED_EDGE('',*,*,#713,.T.);
#1068=ORIENTED_EDGE('',*,*,#710,.T.);
#1069=ORIENTED_EDGE('',*,*,#719,.T.);
#1070=ORIENTED_EDGE('',*,*,#716,.T.);
#1071=ORIENTED_EDGE('',*,*,#702,.T.);
#1072=ORIENTED_EDGE('',*,*,#696,.T.);
#1073=ORIENTED_EDGE('',*,*,#700,.T.);
#1074=ORIENTED_EDGE('',*,*,#775,.T.);
#1075=ORIENTED_EDGE('',*,*,#776,.T.);
#1076=ORIENTED_EDGE('',*,*,#777,.F.);
#1077=ORIENTED_EDGE('',*,*,#778,.T.);
#1078=ORIENTED_EDGE('',*,*,#768,.T.);
#1079=ORIENTED_EDGE('',*,*,#770,.F.);
#1080=ORIENTED_EDGE('',*,*,#779,.F.);
#1081=ORIENTED_EDGE('',*,*,#780,.T.);
#1082=ORIENTED_EDGE('',*,*,#724,.F.);
#1083=ORIENTED_EDGE('',*,*,#780,.F.);
#1084=ORIENTED_EDGE('',*,*,#781,.T.);
#1085=ORIENTED_EDGE('',*,*,#782,.T.);
#1086=ORIENTED_EDGE('',*,*,#771,.F.);
#1087=ORIENTED_EDGE('',*,*,#765,.F.);
#1088=ORIENTED_EDGE('',*,*,#748,.F.);
#1089=ORIENTED_EDGE('',*,*,#772,.F.);
#1090=ORIENTED_EDGE('',*,*,#782,.F.);
#1091=ORIENTED_EDGE('',*,*,#783,.F.);
#1092=ORIENTED_EDGE('',*,*,#779,.T.);
#1093=ORIENTED_EDGE('',*,*,#784,.T.);
#1094=ORIENTED_EDGE('',*,*,#773,.F.);
#1095=ORIENTED_EDGE('',*,*,#750,.F.);
#1096=ORIENTED_EDGE('',*,*,#785,.T.);
#1097=ORIENTED_EDGE('',*,*,#786,.T.);
#1098=ORIENTED_EDGE('',*,*,#787,.T.);
#1099=ORIENTED_EDGE('',*,*,#775,.F.);
#1100=ORIENTED_EDGE('',*,*,#699,.T.);
#1101=ORIENTED_EDGE('',*,*,#707,.T.);
#1102=ORIENTED_EDGE('',*,*,#787,.F.);
#1103=ORIENTED_EDGE('',*,*,#788,.T.);
#1104=ORIENTED_EDGE('',*,*,#777,.T.);
#1105=ORIENTED_EDGE('',*,*,#776,.F.);
#1106=ORIENTED_EDGE('',*,*,#690,.T.);
#1107=ORIENTED_EDGE('',*,*,#693,.T.);
#1108=ORIENTED_EDGE('',*,*,#789,.T.);
#1109=ORIENTED_EDGE('',*,*,#722,.T.);
#1110=ORIENTED_EDGE('',*,*,#774,.F.);
#1111=ORIENTED_EDGE('',*,*,#784,.F.);
#1112=ORIENTED_EDGE('',*,*,#742,.T.);
#1113=ORIENTED_EDGE('',*,*,#662,.T.);
#1114=ORIENTED_EDGE('',*,*,#745,.T.);
#1115=ORIENTED_EDGE('',*,*,#676,.T.);
#1116=ORIENTED_EDGE('',*,*,#756,.T.);
#1117=ORIENTED_EDGE('',*,*,#634,.T.);
#1118=ORIENTED_EDGE('',*,*,#758,.T.);
#1119=ORIENTED_EDGE('',*,*,#648,.T.);
#1120=ORIENTED_EDGE('',*,*,#778,.F.);
#1121=ORIENTED_EDGE('',*,*,#788,.F.);
#1122=ORIENTED_EDGE('',*,*,#786,.F.);
#1123=ORIENTED_EDGE('',*,*,#706,.F.);
#1124=ORIENTED_EDGE('',*,*,#723,.F.);
#1125=ORIENTED_EDGE('',*,*,#789,.F.);
#1126=ORIENTED_EDGE('',*,*,#785,.F.);
#1127=ORIENTED_EDGE('',*,*,#749,.F.);
#1128=ORIENTED_EDGE('',*,*,#783,.T.);
#1129=ORIENTED_EDGE('',*,*,#781,.F.);
#1130=ORIENTED_EDGE('',*,*,#764,.F.);
#1131=ORIENTED_EDGE('',*,*,#761,.F.);
#1132=ORIENTED_EDGE('',*,*,#769,.T.);
#1133=ORIENTED_EDGE('',*,*,#790,.F.);
#1134=ORIENTED_EDGE('',*,*,#791,.T.);
#1135=ORIENTED_EDGE('',*,*,#792,.F.);
#1136=ORIENTED_EDGE('',*,*,#793,.F.);
#1137=ORIENTED_EDGE('',*,*,#794,.T.);
#1138=ORIENTED_EDGE('',*,*,#793,.T.);
#1139=ORIENTED_EDGE('',*,*,#795,.F.);
#1140=ORIENTED_EDGE('',*,*,#796,.F.);
#1141=ORIENTED_EDGE('',*,*,#797,.F.);
#1142=ORIENTED_EDGE('',*,*,#796,.T.);
#1143=ORIENTED_EDGE('',*,*,#798,.F.);
#1144=ORIENTED_EDGE('',*,*,#799,.F.);
#1145=ORIENTED_EDGE('',*,*,#800,.T.);
#1146=ORIENTED_EDGE('',*,*,#799,.T.);
#1147=ORIENTED_EDGE('',*,*,#801,.F.);
#1148=ORIENTED_EDGE('',*,*,#802,.F.);
#1149=ORIENTED_EDGE('',*,*,#803,.F.);
#1150=ORIENTED_EDGE('',*,*,#802,.T.);
#1151=ORIENTED_EDGE('',*,*,#804,.F.);
#1152=ORIENTED_EDGE('',*,*,#805,.F.);
#1153=ORIENTED_EDGE('',*,*,#806,.T.);
#1154=ORIENTED_EDGE('',*,*,#805,.T.);
#1155=ORIENTED_EDGE('',*,*,#807,.F.);
#1156=ORIENTED_EDGE('',*,*,#791,.F.);
#1157=ORIENTED_EDGE('',*,*,#807,.T.);
#1158=ORIENTED_EDGE('',*,*,#804,.T.);
#1159=ORIENTED_EDGE('',*,*,#801,.T.);
#1160=ORIENTED_EDGE('',*,*,#798,.T.);
#1161=ORIENTED_EDGE('',*,*,#795,.T.);
#1162=ORIENTED_EDGE('',*,*,#792,.T.);
#1163=ORIENTED_EDGE('',*,*,#806,.F.);
#1164=ORIENTED_EDGE('',*,*,#790,.T.);
#1165=ORIENTED_EDGE('',*,*,#794,.F.);
#1166=ORIENTED_EDGE('',*,*,#797,.T.);
#1167=ORIENTED_EDGE('',*,*,#800,.F.);
#1168=ORIENTED_EDGE('',*,*,#803,.T.);
#1169=ORIENTED_EDGE('',*,*,#808,.F.);
#1170=ORIENTED_EDGE('',*,*,#809,.T.);
#1171=ORIENTED_EDGE('',*,*,#810,.F.);
#1172=ORIENTED_EDGE('',*,*,#811,.F.);
#1173=ORIENTED_EDGE('',*,*,#812,.T.);
#1174=ORIENTED_EDGE('',*,*,#811,.T.);
#1175=ORIENTED_EDGE('',*,*,#813,.F.);
#1176=ORIENTED_EDGE('',*,*,#814,.F.);
#1177=ORIENTED_EDGE('',*,*,#815,.T.);
#1178=ORIENTED_EDGE('',*,*,#814,.T.);
#1179=ORIENTED_EDGE('',*,*,#816,.F.);
#1180=ORIENTED_EDGE('',*,*,#809,.F.);
#1181=ORIENTED_EDGE('',*,*,#816,.T.);
#1182=ORIENTED_EDGE('',*,*,#813,.T.);
#1183=ORIENTED_EDGE('',*,*,#810,.T.);
#1184=ORIENTED_EDGE('',*,*,#815,.F.);
#1185=ORIENTED_EDGE('',*,*,#808,.T.);
#1186=ORIENTED_EDGE('',*,*,#812,.F.);
#1187=CYLINDRICAL_SURFACE('',#1303,1.2645);
#1188=CYLINDRICAL_SURFACE('',#1305,1.2645);
#1189=CYLINDRICAL_SURFACE('',#1306,1.2645);
#1190=CYLINDRICAL_SURFACE('',#1307,1.2645);
#1191=CYLINDRICAL_SURFACE('',#1309,1.543);
#1192=CYLINDRICAL_SURFACE('',#1311,1.543);
#1193=CYLINDRICAL_SURFACE('',#1312,1.543);
#1194=CYLINDRICAL_SURFACE('',#1313,1.543);
#1195=CYLINDRICAL_SURFACE('',#1315,1.2645);
#1196=CYLINDRICAL_SURFACE('',#1317,1.2645);
#1197=CYLINDRICAL_SURFACE('',#1318,1.2645);
#1198=CYLINDRICAL_SURFACE('',#1319,1.2645);
#1199=CYLINDRICAL_SURFACE('',#1321,1.543);
#1200=CYLINDRICAL_SURFACE('',#1323,1.543);
#1201=CYLINDRICAL_SURFACE('',#1324,1.543);
#1202=CYLINDRICAL_SURFACE('',#1325,1.543);
#1203=CYLINDRICAL_SURFACE('',#1327,1.2645);
#1204=CYLINDRICAL_SURFACE('',#1330,1.2645);
#1205=CYLINDRICAL_SURFACE('',#1333,11.1750000000015);
#1206=CYLINDRICAL_SURFACE('',#1339,11.174999999984);
#1207=CYLINDRICAL_SURFACE('',#1343,11.1750000000161);
#1208=CYLINDRICAL_SURFACE('',#1353,0.5);
#1209=CYLINDRICAL_SURFACE('',#1357,1.543);
#1210=CYLINDRICAL_SURFACE('',#1359,1.2645);
#1211=CYLINDRICAL_SURFACE('',#1360,1.543);
#1212=CYLINDRICAL_SURFACE('',#1361,1.2645);
#1213=CYLINDRICAL_SURFACE('',#1369,2.015);
#1214=CYLINDRICAL_SURFACE('',#1374,0.01);
#1215=CYLINDRICAL_SURFACE('',#1379,11.174999999984);
#1216=CYLINDRICAL_SURFACE('',#1385,11.1750000000161);
#1217=CYLINDRICAL_SURFACE('',#1391,11.1750000000015);
#1218=ADVANCED_FACE('',(#68),#1187,.F.);
#1219=ADVANCED_FACE('',(#69),#1188,.F.);
#1220=ADVANCED_FACE('',(#70),#1189,.F.);
#1221=ADVANCED_FACE('',(#71),#1190,.F.);
#1222=ADVANCED_FACE('',(#72),#1191,.F.);
#1223=ADVANCED_FACE('',(#73),#1192,.F.);
#1224=ADVANCED_FACE('',(#74),#1193,.F.);
#1225=ADVANCED_FACE('',(#75),#1194,.F.);
#1226=ADVANCED_FACE('',(#76),#1195,.F.);
#1227=ADVANCED_FACE('',(#77),#1196,.F.);
#1228=ADVANCED_FACE('',(#78),#1197,.F.);
#1229=ADVANCED_FACE('',(#79),#1198,.F.);
#1230=ADVANCED_FACE('',(#80),#1199,.F.);
#1231=ADVANCED_FACE('',(#81),#1200,.F.);
#1232=ADVANCED_FACE('',(#82),#1201,.F.);
#1233=ADVANCED_FACE('',(#83),#1202,.F.);
#1234=ADVANCED_FACE('',(#84),#1203,.F.);
#1235=ADVANCED_FACE('',(#85),#1204,.F.);
#1236=ADVANCED_FACE('',(#86),#1205,.F.);
#1237=ADVANCED_FACE('',(#87),#34,.T.);
#1238=ADVANCED_FACE('',(#88),#35,.F.);
#1239=ADVANCED_FACE('',(#89),#36,.F.);
#1240=ADVANCED_FACE('',(#90),#1206,.F.);
#1241=ADVANCED_FACE('',(#91),#37,.T.);
#1242=ADVANCED_FACE('',(#92),#1207,.F.);
#1243=ADVANCED_FACE('',(#93),#38,.T.);
#1244=ADVANCED_FACE('',(#94),#39,.F.);
#1245=ADVANCED_FACE('',(#95,#23),#40,.F.);
#1246=ADVANCED_FACE('',(#96),#41,.T.);
#1247=ADVANCED_FACE('',(#97),#42,.T.);
#1248=ADVANCED_FACE('',(#98,#24,#25),#43,.T.);
#1249=ADVANCED_FACE('',(#99),#1208,.T.);
#1250=ADVANCED_FACE('',(#100),#44,.T.);
#1251=ADVANCED_FACE('',(#101),#1209,.F.);
#1252=ADVANCED_FACE('',(#102),#19,.F.);
#1253=ADVANCED_FACE('',(#103),#20,.F.);
#1254=ADVANCED_FACE('',(#104,#26,#27),#45,.T.);
#1255=ADVANCED_FACE('',(#105),#1210,.F.);
#1256=ADVANCED_FACE('',(#106),#1211,.F.);
#1257=ADVANCED_FACE('',(#107),#21,.F.);
#1258=ADVANCED_FACE('',(#108),#22,.F.);
#1259=ADVANCED_FACE('',(#109),#1212,.F.);
#1260=ADVANCED_FACE('',(#110),#46,.T.);
#1261=ADVANCED_FACE('',(#111),#47,.T.);
#1262=ADVANCED_FACE('',(#112),#48,.T.);
#1263=ADVANCED_FACE('',(#113,#28),#49,.F.);
#1264=ADVANCED_FACE('',(#114),#50,.T.);
#1265=ADVANCED_FACE('',(#115),#51,.T.);
#1266=ADVANCED_FACE('',(#116),#1213,.F.);
#1267=ADVANCED_FACE('',(#117),#52,.T.);
#1268=ADVANCED_FACE('',(#118,#29),#53,.T.);
#1269=ADVANCED_FACE('',(#119),#54,.T.);
#1270=ADVANCED_FACE('',(#120),#1214,.F.);
#1271=ADVANCED_FACE('',(#121,#30,#31),#55,.F.);
#1272=ADVANCED_FACE('',(#122,#32,#33),#56,.F.);
#1273=ADVANCED_FACE('',(#123),#57,.F.);
#1274=ADVANCED_FACE('',(#124),#1215,.F.);
#1275=ADVANCED_FACE('',(#125),#58,.T.);
#1276=ADVANCED_FACE('',(#126),#59,.T.);
#1277=ADVANCED_FACE('',(#127),#60,.T.);
#1278=ADVANCED_FACE('',(#128),#1216,.F.);
#1279=ADVANCED_FACE('',(#129),#61,.T.);
#1280=ADVANCED_FACE('',(#130),#62,.T.);
#1281=ADVANCED_FACE('',(#131),#63,.F.);
#1282=ADVANCED_FACE('',(#132),#1217,.F.);
#1283=ADVANCED_FACE('',(#133),#64,.T.);
#1284=ADVANCED_FACE('',(#134),#65,.T.);
#1285=ADVANCED_FACE('',(#135),#66,.T.);
#1286=ADVANCED_FACE('',(#136),#67,.F.);
#1287=CLOSED_SHELL('',(#1218,#1219,#1220,#1221,#1222,#1223,#1224,#1225,
#1226,#1227,#1228,#1229,#1230,#1231,#1232,#1233,#1234,#1235,#1236,#1237,
#1238,#1239,#1240,#1241,#1242,#1243,#1244,#1245,#1246,#1247,#1248,#1249,
#1250,#1251,#1252,#1253,#1254,#1255,#1256,#1257,#1258,#1259,#1260,#1261,
#1262,#1263,#1264,#1265,#1266,#1267,#1268,#1269,#1270,#1271,#1272,#1273));
#1288=CLOSED_SHELL('',(#1274,#1275,#1276,#1277,#1278,#1279,#1280,#1281));
#1289=CLOSED_SHELL('',(#1282,#1283,#1284,#1285,#1286));
#1290=DERIVED_UNIT_ELEMENT(#1292,1.);
#1291=DERIVED_UNIT_ELEMENT(#3728,-3.);
#1292=(
MASS_UNIT()
NAMED_UNIT(*)
SI_UNIT(.KILO.,.GRAM.)
);
#1293=DERIVED_UNIT((#1290,#1291));
#1294=MEASURE_REPRESENTATION_ITEM('density measure',
POSITIVE_RATIO_MEASURE(7850.),#1293);
#1295=PROPERTY_DEFINITION_REPRESENTATION(#1300,#1297);
#1296=PROPERTY_DEFINITION_REPRESENTATION(#1301,#1298);
#1297=REPRESENTATION('material name',(#1299),#3725);
#1298=REPRESENTATION('density',(#1294),#3725);
#1299=DESCRIPTIVE_REPRESENTATION_ITEM('Steel','Steel');
#1300=PROPERTY_DEFINITION('material property','material name',#3735);
#1301=PROPERTY_DEFINITION('material property','density of part',#3735);
#1302=AXIS2_PLACEMENT_3D('',#1697,#1398,#1399);
#1303=AXIS2_PLACEMENT_3D('',#1698,#1400,#1401);
#1304=AXIS2_PLACEMENT_3D('',#1708,#1403,#1404);
#1305=AXIS2_PLACEMENT_3D('',#1719,#1405,#1406);
#1306=AXIS2_PLACEMENT_3D('',#1773,#1408,#1409);
#1307=AXIS2_PLACEMENT_3D('',#1821,#1411,#1412);
#1308=AXIS2_PLACEMENT_3D('',#1840,#1414,#1415);
#1309=AXIS2_PLACEMENT_3D('',#1860,#1416,#1417);
#1310=AXIS2_PLACEMENT_3D('',#1874,#1419,#1420);
#1311=AXIS2_PLACEMENT_3D('',#1884,#1421,#1422);
#1312=AXIS2_PLACEMENT_3D('',#1909,#1424,#1425);
#1313=AXIS2_PLACEMENT_3D('',#1934,#1427,#1428);
#1314=AXIS2_PLACEMENT_3D('',#1945,#1430,#1431);
#1315=AXIS2_PLACEMENT_3D('',#1951,#1432,#1433);
#1316=AXIS2_PLACEMENT_3D('',#1961,#1435,#1436);
#1317=AXIS2_PLACEMENT_3D('',#1972,#1437,#1438);
#1318=AXIS2_PLACEMENT_3D('',#2026,#1440,#1441);
#1319=AXIS2_PLACEMENT_3D('',#2074,#1443,#1444);
#1320=AXIS2_PLACEMENT_3D('',#2093,#1446,#1447);
#1321=AXIS2_PLACEMENT_3D('',#2113,#1448,#1449);
#1322=AXIS2_PLACEMENT_3D('',#2127,#1451,#1452);
#1323=AXIS2_PLACEMENT_3D('',#2137,#1453,#1454);
#1324=AXIS2_PLACEMENT_3D('',#2162,#1456,#1457);
#1325=AXIS2_PLACEMENT_3D('',#2187,#1459,#1460);
#1326=AXIS2_PLACEMENT_3D('',#2198,#1462,#1463);
#1327=AXIS2_PLACEMENT_3D('',#2204,#1464,#1465);
#1328=AXIS2_PLACEMENT_3D('',#2206,#1466,#1467);
#1329=AXIS2_PLACEMENT_3D('',#2209,#1469,#1470);
#1330=AXIS2_PLACEMENT_3D('',#2210,#1471,#1472);
#1331=AXIS2_PLACEMENT_3D('',#2212,#1473,#1474);
#1332=AXIS2_PLACEMENT_3D('',#2215,#1476,#1477);
#1333=AXIS2_PLACEMENT_3D('',#2216,#1478,#1479);
#1334=AXIS2_PLACEMENT_3D('',#2219,#1480,#1481);
#1335=AXIS2_PLACEMENT_3D('',#2223,#1483,#1484);
#1336=AXIS2_PLACEMENT_3D('',#2225,#1486,#1487);
#1337=AXIS2_PLACEMENT_3D('',#2231,#1491,#1492);
#1338=AXIS2_PLACEMENT_3D('',#2233,#1494,#1495);
#1339=AXIS2_PLACEMENT_3D('',#2245,#1502,#1503);
#1340=AXIS2_PLACEMENT_3D('',#2248,#1504,#1505);
#1341=AXIS2_PLACEMENT_3D('',#2252,#1507,#1508);
#1342=AXIS2_PLACEMENT_3D('',#2254,#1510,#1511);
#1343=AXIS2_PLACEMENT_3D('',#2260,#1515,#1516);
#1344=AXIS2_PLACEMENT_3D('',#2262,#1517,#1518);
#1345=AXIS2_PLACEMENT_3D('',#2264,#1519,#1520);
#1346=AXIS2_PLACEMENT_3D('',#2266,#1522,#1523);
#1347=AXIS2_PLACEMENT_3D('',#2269,#1526,#1527);
#1348=AXIS2_PLACEMENT_3D('',#2271,#1529,#1530);
#1349=AXIS2_PLACEMENT_3D('',#2278,#1534,#1535);
#1350=AXIS2_PLACEMENT_3D('',#2279,#1536,#1537);
#1351=AXIS2_PLACEMENT_3D('',#2288,#1542,#1543);
#1352=AXIS2_PLACEMENT_3D('',#2294,#1547,#1548);
#1353=AXIS2_PLACEMENT_3D('',#2296,#1550,#1551);
#1354=AXIS2_PLACEMENT_3D('',#2299,#1552,#1553);
#1355=AXIS2_PLACEMENT_3D('',#2303,#1555,#1556);
#1356=AXIS2_PLACEMENT_3D('',#2305,#1558,#1559);
#1357=AXIS2_PLACEMENT_3D('',#2311,#1563,#1564);
#1358=AXIS2_PLACEMENT_3D('',#2953,#1565,#1566);
#1359=AXIS2_PLACEMENT_3D('',#3123,#1571,#1572);
#1360=AXIS2_PLACEMENT_3D('',#3124,#1573,#1574);
#1361=AXIS2_PLACEMENT_3D('',#3605,#1575,#1576);
#1362=AXIS2_PLACEMENT_3D('',#3606,#1577,#1578);
#1363=AXIS2_PLACEMENT_3D('',#3612,#1582,#1583);
#1364=AXIS2_PLACEMENT_3D('',#3614,#1585,#1586);
#1365=AXIS2_PLACEMENT_3D('',#3620,#1590,#1591);
#1366=AXIS2_PLACEMENT_3D('',#3626,#1595,#1596);
#1367=AXIS2_PLACEMENT_3D('',#3636,#1602,#1603);
#1368=AXIS2_PLACEMENT_3D('',#3638,#1605,#1606);
#1369=AXIS2_PLACEMENT_3D('',#3642,#1609,#1610);
#1370=AXIS2_PLACEMENT_3D('',#3644,#1611,#1612);
#1371=AXIS2_PLACEMENT_3D('',#3646,#1614,#1615);
#1372=AXIS2_PLACEMENT_3D('',#3650,#1618,#1619);
#1373=AXIS2_PLACEMENT_3D('',#3652,#1621,#1622);
#1374=AXIS2_PLACEMENT_3D('',#3656,#1625,#1626);
#1375=AXIS2_PLACEMENT_3D('',#3658,#1627,#1628);
#1376=AXIS2_PLACEMENT_3D('',#3660,#1630,#1631);
#1377=AXIS2_PLACEMENT_3D('',#3662,#1633,#1634);
#1378=AXIS2_PLACEMENT_3D('',#3664,#1636,#1637);
#1379=AXIS2_PLACEMENT_3D('',#3665,#1638,#1639);
#1380=AXIS2_PLACEMENT_3D('',#3668,#1640,#1641);
#1381=AXIS2_PLACEMENT_3D('',#3672,#1643,#1644);
#1382=AXIS2_PLACEMENT_3D('',#3674,#1646,#1647);
#1383=AXIS2_PLACEMENT_3D('',#3680,#1651,#1652);
#1384=AXIS2_PLACEMENT_3D('',#3686,#1656,#1657);
#1385=AXIS2_PLACEMENT_3D('',#3692,#1661,#1662);
#1386=AXIS2_PLACEMENT_3D('',#3694,#1663,#1664);
#1387=AXIS2_PLACEMENT_3D('',#3696,#1665,#1666);
#1388=AXIS2_PLACEMENT_3D('',#3698,#1668,#1669);
#1389=AXIS2_PLACEMENT_3D('',#3701,#1672,#1673);
#1390=AXIS2_PLACEMENT_3D('',#3702,#1674,#1675);
#1391=AXIS2_PLACEMENT_3D('',#3703,#1676,#1677);
#1392=AXIS2_PLACEMENT_3D('',#3706,#1678,#1679);
#1393=AXIS2_PLACEMENT_3D('',#3710,#1681,#1682);
#1394=AXIS2_PLACEMENT_3D('',#3712,#1684,#1685);
#1395=AXIS2_PLACEMENT_3D('',#3718,#1689,#1690);
#1396=AXIS2_PLACEMENT_3D('',#3721,#1693,#1694);
#1397=AXIS2_PLACEMENT_3D('',#3722,#1695,#1696);
#1398=DIRECTION('axis',(0.,0.,1.));
#1399=DIRECTION('refdir',(1.,0.,0.));
#1400=DIRECTION('center_axis',(9.86864910776722E-17,1.01237149503355E-29,
-1.));
#1401=DIRECTION('ref_axis',(-0.348441376199694,0.937330575278575,-3.43864567634134E-17));
#1402=DIRECTION('',(9.86864910776722E-17,1.01237149503355E-29,-1.));
#1403=DIRECTION('center_axis',(-9.86864910776722E-17,-1.01237149503355E-29,
1.));
#1404=DIRECTION('ref_axis',(1.,0.,9.86864910776722E-17));
#1405=DIRECTION('center_axis',(9.86864910776722E-17,1.01237149503355E-29,
-1.));
#1406=DIRECTION('ref_axis',(1.,0.,9.86864910776722E-17));
#1407=DIRECTION('',(9.86864910776722E-17,1.01237149503355E-29,-1.));
#1408=DIRECTION('center_axis',(9.86864910776722E-17,1.01237149503355E-29,
-1.));
#1409=DIRECTION('ref_axis',(1.,0.,9.86864910776722E-17));
#1410=DIRECTION('',(9.86864910776722E-17,1.01237149503355E-29,-1.));
#1411=DIRECTION('center_axis',(9.86864910776722E-17,1.01237149503355E-29,
-1.));
#1412=DIRECTION('ref_axis',(0.937415675170371,-0.348212366157316,9.25102636637674E-17));
#1413=DIRECTION('',(9.86864910776722E-17,1.01237149503355E-29,-1.));
#1414=DIRECTION('center_axis',(9.86864910776722E-17,1.01237149503355E-29,
-1.));
#1415=DIRECTION('ref_axis',(1.,0.,9.86864910776722E-17));
#1416=DIRECTION('center_axis',(9.86864910776722E-17,1.01237149503355E-29,
-1.));
#1417=DIRECTION('ref_axis',(0.793182187871814,0.608984414285688,-2.04101241712858E-17));
#1418=DIRECTION('',(2.21151170992408E-16,9.40378873374188E-30,-1.));
#1419=DIRECTION('center_axis',(-9.86864910776722E-17,-1.01237149503355E-29,
1.));
#1420=DIRECTION('ref_axis',(1.,-5.75617900000081E-15,0.));
#1421=DIRECTION('center_axis',(9.86864910776722E-17,1.01237149503355E-29,
-1.));
#1422=DIRECTION('ref_axis',(1.,-5.75617900000081E-15,0.));
#1423=DIRECTION('',(2.21151170992408E-16,9.40378873374188E-30,-1.));
#1424=DIRECTION('center_axis',(9.86864910776722E-17,1.01237149503355E-29,
-1.));
#1425=DIRECTION('ref_axis',(1.,-5.75617900000081E-15,0.));
#1426=DIRECTION('',(2.21151170992408E-16,9.40378873374188E-30,-1.));
#1427=DIRECTION('center_axis',(9.86864910776722E-17,1.01237149503355E-29,
-1.));
#1428=DIRECTION('ref_axis',(-0.608874149656384,-0.79326683397216,-1.5877414441517E-16));
#1429=DIRECTION('',(2.21151170992408E-16,9.40378873374188E-30,-1.));
#1430=DIRECTION('center_axis',(9.86864910776722E-17,1.01237149503355E-29,
-1.));
#1431=DIRECTION('ref_axis',(1.,-5.75617900000081E-15,0.));
#1432=DIRECTION('center_axis',(9.86864910776722E-17,1.01237149503355E-29,
-1.));
#1433=DIRECTION('ref_axis',(-0.348434882539297,0.937332989193182,-3.43858159268546E-17));
#1434=DIRECTION('',(9.86864910776722E-17,1.01237149503355E-29,-1.));
#1435=DIRECTION('center_axis',(-9.86864910776722E-17,-1.01237149503355E-29,
1.));
#1436=DIRECTION('ref_axis',(1.,0.,9.86864910776722E-17));
#1437=DIRECTION('center_axis',(9.86864910776722E-17,1.01237149503355E-29,
-1.));
#1438=DIRECTION('ref_axis',(1.,0.,9.86864910776722E-17));
#1439=DIRECTION('',(9.86864910776722E-17,1.01237149503355E-29,-1.));
#1440=DIRECTION('center_axis',(9.86864910776722E-17,1.01237149503355E-29,
-1.));
#1441=DIRECTION('ref_axis',(1.,0.,9.86864910776722E-17));
#1442=DIRECTION('',(9.86864910776722E-17,1.01237149503355E-29,-1.));
#1443=DIRECTION('center_axis',(9.86864910776722E-17,1.01237149503355E-29,
-1.));
#1444=DIRECTION('ref_axis',(0.937414779715299,-0.348214776784844,9.25101752944484E-17));
#1445=DIRECTION('',(9.86864910776722E-17,1.01237149503355E-29,-1.));
#1446=DIRECTION('center_axis',(9.86864910776722E-17,1.01237149503355E-29,
-1.));
#1447=DIRECTION('ref_axis',(1.,0.,9.86864910776722E-17));
#1448=DIRECTION('center_axis',(9.86864910776722E-17,1.01237149503355E-29,
-1.));
#1449=DIRECTION('ref_axis',(0.793180932735211,0.608986049056382,-2.0410248036313E-17));
#1450=DIRECTION('',(2.21151170992408E-16,8.9632083470125E-30,-1.));
#1451=DIRECTION('center_axis',(-9.86864910776722E-17,-1.01237149503355E-29,
1.));
#1452=DIRECTION('ref_axis',(1.,-9.35379087500132E-15,0.));
#1453=DIRECTION('center_axis',(9.86864910776722E-17,1.01237149503355E-29,
-1.));
#1454=DIRECTION('ref_axis',(1.,-9.35379087500132E-15,0.));
#1455=DIRECTION('',(2.21151170992408E-16,8.9632083470125E-30,-1.));
#1456=DIRECTION('center_axis',(9.86864910776722E-17,1.01237149503355E-29,
-1.));
#1457=DIRECTION('ref_axis',(1.,-9.35379087500132E-15,0.));
#1458=DIRECTION('',(2.21151170992408E-16,8.9632083470125E-30,-1.));
#1459=DIRECTION('center_axis',(9.86864910776722E-17,1.01237149503355E-29,
-1.));
#1460=DIRECTION('ref_axis',(-0.608875360877387,-0.793265904294664,-1.58774263946321E-16));
#1461=DIRECTION('',(2.21151170992408E-16,8.9632083470125E-30,-1.));
#1462=DIRECTION('center_axis',(9.86864910776722E-17,1.01237149503355E-29,
-1.));
#1463=DIRECTION('ref_axis',(1.,-9.35379087500132E-15,0.));
#1464=DIRECTION('center_axis',(-1.,-7.88860905221012E-31,-9.86864910776722E-17));
#1465=DIRECTION('ref_axis',(-7.88860905221012E-31,1.,0.));
#1466=DIRECTION('center_axis',(-1.,-7.88860905221012E-31,-9.86864910776722E-17));
#1467=DIRECTION('ref_axis',(-7.88860905221012E-31,1.,0.));
#1468=DIRECTION('',(-1.,-7.88860905221012E-31,-9.86864910776722E-17));
#1469=DIRECTION('center_axis',(1.,7.88860905221012E-31,9.86864910776722E-17));
#1470=DIRECTION('ref_axis',(-7.88860905221012E-31,1.,0.));
#1471=DIRECTION('center_axis',(-1.,-7.88860905221012E-31,-9.86864910776722E-17));
#1472=DIRECTION('ref_axis',(-7.88860905221012E-31,1.,0.));
#1473=DIRECTION('center_axis',(-1.,-7.88860905221012E-31,-9.86864910776722E-17));
#1474=DIRECTION('ref_axis',(-7.88860905221012E-31,1.,0.));
#1475=DIRECTION('',(-1.,-7.88860905221012E-31,-9.86864910776722E-17));
#1476=DIRECTION('center_axis',(1.,7.88860905221012E-31,9.86864910776722E-17));
#1477=DIRECTION('ref_axis',(-7.88860905221012E-31,1.,0.));
#1478=DIRECTION('center_axis',(1.57772181044207E-30,-1.,-1.89326617253043E-29));
#1479=DIRECTION('ref_axis',(0.782940515881947,-1.05426816862085E-29,0.622096574970889));
#1480=DIRECTION('center_axis',(1.57772181044207E-30,-1.,-1.89326617253043E-29));
#1481=DIRECTION('ref_axis',(0.782940515881947,-1.05426816862085E-29,0.622096574970889));
#1482=DIRECTION('',(1.57772181044207E-30,-1.,-1.89326617253043E-29));
#1483=DIRECTION('center_axis',(-1.57772181044207E-30,1.,1.89326617253043E-29));
#1484=DIRECTION('ref_axis',(0.782940515881947,-1.05426816862085E-29,0.622096574970889));
#1485=DIRECTION('',(-1.57772181044207E-30,1.,1.89326617253043E-29));
#1486=DIRECTION('center_axis',(1.,1.57772181044207E-30,9.86864910776726E-17));
#1487=DIRECTION('ref_axis',(-9.86864910776726E-17,-1.89326617253043E-29,
1.));
#1488=DIRECTION('',(-9.86864910776726E-17,-1.89326617253043E-29,1.));
#1489=DIRECTION('',(-7.88860905221013E-31,1.,1.01237149503355E-29));
#1490=DIRECTION('',(-9.86864910776726E-17,-1.89326617253043E-29,1.));
#1491=DIRECTION('center_axis',(1.57772181044207E-30,-1.,-1.89326617253043E-29));
#1492=DIRECTION('ref_axis',(1.,1.57772181044207E-30,9.86864910776726E-17));
#1493=DIRECTION('',(-1.,-1.57772181044207E-30,-9.86864910776722E-17));
#1494=DIRECTION('center_axis',(-9.86864910776722E-17,-1.01237149503355E-29,
1.));
#1495=DIRECTION('ref_axis',(1.,7.88860905221012E-31,9.86864910776722E-17));
#1496=DIRECTION('',(1.,7.88860905221012E-31,9.86864910776722E-17));
#1497=DIRECTION('',(-6.66133814775094E-15,1.,1.32791585712195E-29));
#1498=DIRECTION('',(-1.,-7.07767178198521E-15,-9.86864910776722E-17));
#1499=DIRECTION('',(7.88860905221013E-31,-1.,-1.01237149503355E-29));
#1500=DIRECTION('',(1.,7.88860905221012E-31,9.86864910776722E-17));
#1501=DIRECTION('',(-7.88860905221013E-31,1.,1.01237149503355E-29));
#1502=DIRECTION('center_axis',(6.66133814775094E-15,-1.,-1.32791585712195E-29));
#1503=DIRECTION('ref_axis',(-0.78294051588242,-5.21543152586736E-15,-0.622096574970294));
#1504=DIRECTION('center_axis',(7.07767178198521E-15,-1.,-1.01237149503355E-29));
#1505=DIRECTION('ref_axis',(-0.78294051588242,-5.54139599623394E-15,-0.622096574970294));
#1506=DIRECTION('',(6.66133814775094E-15,-1.,-1.32791585712195E-29));
#1507=DIRECTION('center_axis',(-7.07767178198521E-15,1.,1.01237149503355E-29));
#1508=DIRECTION('ref_axis',(-0.78294051588242,-5.54139599623394E-15,-0.622096574970294));
#1509=DIRECTION('',(6.66133814775094E-15,-1.,-1.32791585712195E-29));
#1510=DIRECTION('center_axis',(1.37234826770282E-14,1.04695917247706E-28,
-1.));
#1511=DIRECTION('ref_axis',(1.,7.07767178198521E-15,1.37234826770282E-14));
#1512=DIRECTION('',(1.,7.07767178198521E-15,1.37234826770282E-14));
#1513=DIRECTION('',(1.,7.07767178198521E-15,1.37234826770282E-14));
#1514=DIRECTION('',(7.88860905221013E-31,-1.,-1.04695917247706E-28));
#1515=DIRECTION('center_axis',(6.66133814775094E-15,-1.,-1.32791585712195E-29));
#1516=DIRECTION('ref_axis',(5.7224918316167E-13,3.79866615524293E-27,1.));
#1517=DIRECTION('center_axis',(7.07767178198521E-15,-1.,-1.01237149503355E-29));
#1518=DIRECTION('ref_axis',(5.7224918316167E-13,4.04006818097711E-27,1.));
#1519=DIRECTION('center_axis',(-7.07767178198521E-15,1.,1.01237149503355E-29));
#1520=DIRECTION('ref_axis',(5.7224918316167E-13,4.04006818097711E-27,1.));
#1521=DIRECTION('',(6.66133814775094E-15,-1.,-1.32791585712195E-29));
#1522=DIRECTION('center_axis',(1.,6.66133814775094E-15,-1.19462319599116E-28));
#1523=DIRECTION('ref_axis',(1.19462319599116E-28,-1.01237149503347E-29,
1.));
#1524=DIRECTION('',(1.19462319599116E-28,-1.01237149503347E-29,1.));
#1525=DIRECTION('',(1.19462319599116E-28,-1.01237149503347E-29,1.));
#1526=DIRECTION('center_axis',(7.07767178198521E-15,-1.,-1.01237149503355E-29));
#1527=DIRECTION('ref_axis',(1.,7.07767178198521E-15,-1.19462319599116E-28));
#1528=DIRECTION('',(-1.19463123334407E-28,1.01237149503347E-29,-1.));
#1529=DIRECTION('center_axis',(-1.,-7.88860905221013E-31,1.19463123334407E-28));
#1530=DIRECTION('ref_axis',(1.19463123334407E-28,-1.01237149503355E-29,
1.));
#1531=DIRECTION('',(1.19463123334407E-28,-1.01237149503355E-29,1.));
#1532=DIRECTION('',(7.88860905221013E-31,-1.,-1.01237149503355E-29));
#1533=DIRECTION('',(1.19463123334407E-28,-1.01237149503355E-29,1.));
#1534=DIRECTION('center_axis',(-1.,-7.88860905221013E-31,1.19463123334407E-28));
#1535=DIRECTION('ref_axis',(7.88860905221013E-31,-1.,-1.01237149503355E-29));
#1536=DIRECTION('center_axis',(0.,0.,1.));
#1537=DIRECTION('ref_axis',(1.,0.,0.));
#1538=DIRECTION('',(-1.,2.9751074515385E-17,0.));
#1539=DIRECTION('',(-7.88860905221013E-31,1.,1.01237149503355E-29));
#1540=DIRECTION('',(1.,2.97510745160637E-17,0.));
#1541=DIRECTION('',(-7.88860905221012E-31,1.,0.));
#1542=DIRECTION('center_axis',(2.84848060719842E-17,0.957437892108873,-0.288639364526252));
#1543=DIRECTION('ref_axis',(6.14875798788406E-15,0.288639364526252,0.957437892108873));
#1544=DIRECTION('',(9.44861859970278E-17,-0.288639364526252,-0.957437892108873));
#1545=DIRECTION('',(1.,7.88860905221012E-31,9.86864910776722E-17));
#1546=DIRECTION('',(6.14875798788406E-15,0.288639364526252,0.957437892108873));
#1547=DIRECTION('center_axis',(1.,7.88860905221012E-31,9.86864910776722E-17));
#1548=DIRECTION('ref_axis',(9.86864910776722E-17,1.01237149503355E-29,-1.));
#1549=DIRECTION('',(-9.44861859968482E-17,-0.288639364532275,0.957437892107057));
#1550=DIRECTION('center_axis',(1.,7.91685418261403E-31,9.86864910776722E-17));
#1551=DIRECTION('ref_axis',(0.,-1.53856079391556E-14,1.));
#1552=DIRECTION('center_axis',(-1.,-7.88860905221012E-31,-9.86864910776722E-17));
#1553=DIRECTION('ref_axis',(0.,-1.53856079391556E-14,1.));
#1554=DIRECTION('',(-1.,-7.91685418261403E-31,-9.86864910776722E-17));
#1555=DIRECTION('center_axis',(-1.,-7.88860905221012E-31,-9.86864910776722E-17));
#1556=DIRECTION('ref_axis',(0.,-1.53856079391556E-14,1.));
#1557=DIRECTION('',(1.,7.91685418261403E-31,9.86864910776722E-17));
#1558=DIRECTION('center_axis',(-2.84848060725785E-17,-0.957437892107057,
0.288639364532275));
#1559=DIRECTION('ref_axis',(1.25055246172451E-16,-0.288639364532275,-0.957437892107057));
#1560=DIRECTION('',(-9.44861859968486E-17,0.288639364532275,0.957437892107057));
#1561=DIRECTION('',(-1.,-7.88860905221012E-31,-9.86864910776722E-17));
#1562=DIRECTION('',(1.25055246172451E-16,-0.288639364532275,-0.957437892107057));
#1563=DIRECTION('center_axis',(9.86864910776722E-17,1.01237149503355E-29,
-1.));
#1564=DIRECTION('ref_axis',(1.,-9.35379087500132E-15,0.));
#1565=DIRECTION('center_axis',(-9.86864910776722E-17,-1.01237149503355E-29,
1.));
#1566=DIRECTION('ref_axis',(1.,7.88860905221012E-31,9.86864910776722E-17));
#1567=DIRECTION('',(-7.88860905221013E-31,1.,1.01237149503355E-29));
#1568=DIRECTION('',(-1.,-7.88860905221012E-31,-9.86864910776722E-17));
#1569=DIRECTION('',(0.,-1.,0.));
#1570=DIRECTION('',(-1.,-7.88860905221012E-31,-9.86864910776722E-17));
#1571=DIRECTION('center_axis',(9.86864910776722E-17,1.01237149503355E-29,
-1.));
#1572=DIRECTION('ref_axis',(1.,0.,9.86864910776722E-17));
#1573=DIRECTION('center_axis',(9.86864910776722E-17,1.01237149503355E-29,
-1.));
#1574=DIRECTION('ref_axis',(1.,-5.75617900000081E-15,0.));
#1575=DIRECTION('center_axis',(9.86864910776722E-17,1.01237149503355E-29,
-1.));
#1576=DIRECTION('ref_axis',(1.,0.,9.86864910776722E-17));
#1577=DIRECTION('center_axis',(-2.848480607258E-17,0.957437892107057,0.288639364532275));
#1578=DIRECTION('ref_axis',(-1.25055246172451E-16,-0.288639364532275,0.957437892107057));
#1579=DIRECTION('',(-1.25055246172451E-16,-0.288639364532275,0.957437892107057));
#1580=DIRECTION('',(-1.,-7.88860905221012E-31,-9.86864910776722E-17));
#1581=DIRECTION('',(9.44861859968482E-17,0.288639364532275,-0.957437892107057));
#1582=DIRECTION('center_axis',(2.848480607258E-17,-0.957437892107057,-0.288639364532275));
#1583=DIRECTION('ref_axis',(1.25055246172451E-16,0.288639364532275,-0.957437892107057));
#1584=DIRECTION('',(1.25055246172451E-16,0.288639364532275,-0.957437892107057));
#1585=DIRECTION('center_axis',(1.,7.88860905221012E-31,9.86864910776722E-17));
#1586=DIRECTION('ref_axis',(9.86864910776722E-17,1.01237149503355E-29,-1.));
#1587=DIRECTION('',(-9.86864910776722E-17,-1.01237149503355E-29,1.));
#1588=DIRECTION('',(0.,-1.,0.));
#1589=DIRECTION('',(-9.86864910776722E-17,-1.01237149503355E-29,1.));
#1590=DIRECTION('center_axis',(-1.,-7.88860905221012E-31,-9.86864910776722E-17));
#1591=DIRECTION('ref_axis',(-9.86864910776722E-17,-1.01237149503355E-29,
1.));
#1592=DIRECTION('',(-9.86864910776722E-17,-1.01237149503355E-29,1.));
#1593=DIRECTION('',(0.,-1.,0.));
#1594=DIRECTION('',(9.86864910776722E-17,1.01237149503355E-29,-1.));
#1595=DIRECTION('center_axis',(7.88860905221013E-31,-1.,-1.01237149503355E-29));
#1596=DIRECTION('ref_axis',(9.86864910776722E-17,1.01237149503355E-29,-1.));
#1597=DIRECTION('',(1.,7.88860905221012E-31,9.86864910776722E-17));
#1598=DIRECTION('',(-1.,-7.88860905221012E-31,-9.86864910776722E-17));
#1599=DIRECTION('',(9.86864910776722E-17,1.01237149503355E-29,-1.));
#1600=DIRECTION('',(9.86864910776722E-17,1.01237149503355E-29,-1.));
#1601=DIRECTION('',(1.,7.88860905221012E-31,9.86864910776722E-17));
#1602=DIRECTION('center_axis',(-7.88860905221013E-31,1.,1.01237149503355E-29));
#1603=DIRECTION('ref_axis',(0.707106781186862,-6.60073859668372E-30,0.707106781186234));
#1604=DIRECTION('',(9.86864910776722E-17,1.01237149503355E-29,-1.));
#1605=DIRECTION('center_axis',(9.86864910776722E-17,1.01237149503355E-29,
-1.));
#1606=DIRECTION('ref_axis',(-1.,-7.88860905221012E-31,-9.86864910776722E-17));
#1607=DIRECTION('',(0.,-1.,0.));
#1608=DIRECTION('',(1.,7.88860905221012E-31,9.86864910776722E-17));
#1609=DIRECTION('center_axis',(1.,7.88860905221012E-31,9.86864910776722E-17));
#1610=DIRECTION('ref_axis',(7.88860905221013E-31,-1.,-1.01237149503355E-29));
#1611=DIRECTION('center_axis',(1.,7.88860905221012E-31,9.86864910776722E-17));
#1612=DIRECTION('ref_axis',(7.88860905221013E-31,-1.,-1.01237149503355E-29));
#1613=DIRECTION('',(1.,7.88860905221012E-31,9.86864910776722E-17));
#1614=DIRECTION('center_axis',(-9.86864910776722E-17,-1.01237149503355E-29,
1.));
#1615=DIRECTION('ref_axis',(1.,7.88860905221012E-31,9.86864910776722E-17));
#1616=DIRECTION('',(-1.,-7.88860905221012E-31,-9.86864910776722E-17));
#1617=DIRECTION('',(7.88860905221013E-31,-1.,-1.01237149503355E-29));
#1618=DIRECTION('center_axis',(-1.,-7.88860905221012E-31,-9.86864910776722E-17));
#1619=DIRECTION('ref_axis',(-9.86864910776722E-17,-1.01237149503355E-29,
1.));
#1620=DIRECTION('',(-9.86864910776722E-17,-1.01237149503355E-29,1.));
#1621=DIRECTION('center_axis',(-1.,-7.88860905221012E-31,-9.86864910776722E-17));
#1622=DIRECTION('ref_axis',(-9.86864910776722E-17,-1.01237149503355E-29,
1.));
#1623=DIRECTION('',(7.88860905221013E-31,-1.,-1.01237149503355E-29));
#1624=DIRECTION('',(9.86864910776722E-17,1.01237149503355E-29,-1.));
#1625=DIRECTION('center_axis',(7.88860905221013E-31,-1.,-1.01237149503355E-29));
#1626=DIRECTION('ref_axis',(0.707106781186862,-6.60073859668372E-30,0.707106781186234));
#1627=DIRECTION('center_axis',(-7.88860905221013E-31,1.,1.01237149503355E-29));
#1628=DIRECTION('ref_axis',(0.707106781186862,-6.60073859668372E-30,0.707106781186234));
#1629=DIRECTION('',(7.88860905221013E-31,-1.,-1.01237149503355E-29));
#1630=DIRECTION('center_axis',(1.,7.88860905221012E-31,9.86864910776722E-17));
#1631=DIRECTION('ref_axis',(9.86864910776722E-17,1.01237149503355E-29,-1.));
#1632=DIRECTION('',(9.86864910776722E-17,1.01237149503355E-29,-1.));
#1633=DIRECTION('center_axis',(-9.86864910776722E-17,-1.01237149503355E-29,
1.));
#1634=DIRECTION('ref_axis',(1.,7.88860905221012E-31,9.86864910776722E-17));
#1635=DIRECTION('',(1.,7.88860905221012E-31,9.86864910776722E-17));
#1636=DIRECTION('center_axis',(7.88860905221013E-31,-1.,-1.01237149503355E-29));
#1637=DIRECTION('ref_axis',(9.86864910776722E-17,1.01237149503355E-29,-1.));
#1638=DIRECTION('center_axis',(6.66133814775094E-15,-1.,-1.32791585712195E-29));
#1639=DIRECTION('ref_axis',(-0.78294051588242,-5.21543152586736E-15,-0.622096574970294));
#1640=DIRECTION('center_axis',(7.07767178198521E-15,-1.,-1.01237149503355E-29));
#1641=DIRECTION('ref_axis',(-0.78294051588242,-5.54139599623394E-15,-0.622096574970294));
#1642=DIRECTION('',(6.66133814775094E-15,-1.,-1.32791585712195E-29));
#1643=DIRECTION('center_axis',(-7.07767178198521E-15,1.,1.01237149503355E-29));
#1644=DIRECTION('ref_axis',(-0.78294051588242,-5.54139599623394E-15,-0.622096574970294));
#1645=DIRECTION('',(6.66133814775094E-15,-1.,-1.32791585712195E-29));
#1646=DIRECTION('center_axis',(1.37234826770282E-14,1.04695917247706E-28,
-1.));
#1647=DIRECTION('ref_axis',(1.,7.07767178198521E-15,1.37234826770282E-14));
#1648=DIRECTION('',(1.,7.07767178198521E-15,1.37234826770282E-14));
#1649=DIRECTION('',(1.,7.07767178198521E-15,1.37234826770282E-14));
#1650=DIRECTION('',(6.66133814775094E-15,-1.,-1.32791585712195E-29));
#1651=DIRECTION('center_axis',(-1.,-6.66133814775094E-15,1.19462319599116E-28));
#1652=DIRECTION('ref_axis',(-1.19462319599116E-28,1.01237149503347E-29,
-1.));
#1653=DIRECTION('',(1.19462319599116E-28,-1.01237149503347E-29,1.));
#1654=DIRECTION('',(-1.19462319599116E-28,1.01237149503347E-29,-1.));
#1655=DIRECTION('',(6.66133814775094E-15,-1.,-1.32791585712195E-29));
#1656=DIRECTION('center_axis',(-1.99226863364089E-14,-1.45990909069617E-28,
1.));
#1657=DIRECTION('ref_axis',(-1.,-7.07767178198521E-15,-1.99226863364089E-14));
#1658=DIRECTION('',(-1.,-7.07767178198521E-15,-1.99226863364089E-14));
#1659=DIRECTION('',(-1.,-7.07767178198521E-15,-1.99226863364089E-14));
#1660=DIRECTION('',(6.66133814775094E-15,-1.,-1.32791585712195E-29));
#1661=DIRECTION('center_axis',(6.66133814775094E-15,-1.,-1.32791585712195E-29));
#1662=DIRECTION('ref_axis',(5.7224918316167E-13,3.79866615524293E-27,1.));
#1663=DIRECTION('center_axis',(7.07767178198521E-15,-1.,-1.01237149503355E-29));
#1664=DIRECTION('ref_axis',(5.7224918316167E-13,4.04006818097711E-27,1.));
#1665=DIRECTION('center_axis',(-7.07767178198521E-15,1.,1.01237149503355E-29));
#1666=DIRECTION('ref_axis',(5.7224918316167E-13,4.04006818097711E-27,1.));
#1667=DIRECTION('',(6.66133814775094E-15,-1.,-1.32791585712195E-29));
#1668=DIRECTION('center_axis',(1.,6.66133814775094E-15,-1.19462319599116E-28));
#1669=DIRECTION('ref_axis',(1.19462319599116E-28,-1.01237149503347E-29,
1.));
#1670=DIRECTION('',(1.19462319599116E-28,-1.01237149503347E-29,1.));
#1671=DIRECTION('',(1.19462319599116E-28,-1.01237149503347E-29,1.));
#1672=DIRECTION('center_axis',(7.07767178198521E-15,-1.,-1.01237149503355E-29));
#1673=DIRECTION('ref_axis',(1.,7.07767178198521E-15,-1.19462319599116E-28));
#1674=DIRECTION('center_axis',(7.07767178198521E-15,-1.,-1.01237149503355E-29));
#1675=DIRECTION('ref_axis',(1.,7.07767178198521E-15,-1.19462319599116E-28));
#1676=DIRECTION('center_axis',(1.57772181044207E-30,-1.,-1.89326617253043E-29));
#1677=DIRECTION('ref_axis',(0.782940515881947,-1.05426816862085E-29,0.622096574970889));
#1678=DIRECTION('center_axis',(1.57772181044207E-30,-1.,-1.89326617253043E-29));
#1679=DIRECTION('ref_axis',(0.782940515881947,-1.05426816862085E-29,0.622096574970889));
#1680=DIRECTION('',(1.57772181044207E-30,-1.,-1.89326617253043E-29));
#1681=DIRECTION('center_axis',(-1.57772181044207E-30,1.,1.89326617253043E-29));
#1682=DIRECTION('ref_axis',(0.782940515881947,-1.05426816862085E-29,0.622096574970889));
#1683=DIRECTION('',(1.57772181044207E-30,-1.,-1.89326617253043E-29));
#1684=DIRECTION('center_axis',(-5.17436284226839E-15,-1.89326617253043E-29,
1.));
#1685=DIRECTION('ref_axis',(-1.,-1.57772181044197E-30,-5.17436284226839E-15));
#1686=DIRECTION('',(-1.,-1.57772181044197E-30,-5.17436284226839E-15));
#1687=DIRECTION('',(-1.,-1.57772181044197E-30,-5.17436284226839E-15));
#1688=DIRECTION('',(1.57772181044207E-30,-1.,-1.89326617253043E-29));
#1689=DIRECTION('center_axis',(1.,1.57772181044207E-30,9.86864910776726E-17));
#1690=DIRECTION('ref_axis',(-9.86864910776726E-17,-1.89326617253043E-29,
1.));
#1691=DIRECTION('',(-9.86864910776726E-17,-1.89326617253043E-29,1.));
#1692=DIRECTION('',(-9.86864910776726E-17,-1.89326617253043E-29,1.));
#1693=DIRECTION('center_axis',(1.57772181044207E-30,-1.,-1.89326617253043E-29));
#1694=DIRECTION('ref_axis',(1.,1.57772181044207E-30,9.86864910776726E-17));
#1695=DIRECTION('center_axis',(1.57772181044207E-30,-1.,-1.89326617253043E-29));
#1696=DIRECTION('ref_axis',(1.,1.57772181044207E-30,9.86864910776726E-17));
#1697=CARTESIAN_POINT('',(0.,0.,0.));
#1698=CARTESIAN_POINT('Origin',(1.73999999999503,-13.,-29.5105732131505));
#1699=CARTESIAN_POINT('',(0.477078390723632,-13.0004923934777,-30.3171535395311));
#1700=CARTESIAN_POINT('',(0.476098284108073,-13.0015167827946,-30.4539928867699));
#1701=CARTESIAN_POINT('',(0.475499999995035,-13.,-29.5105732131505));
#1702=CARTESIAN_POINT('',(0.781883847272632,-12.1747887010635,-30.5105732131505));
#1703=CARTESIAN_POINT('Ctrl Pts',(0.476098284108073,-13.0015167827946,-30.4539928867699));
#1704=CARTESIAN_POINT('Ctrl Pts',(0.478618729645018,-12.7024272736111,-30.4728529955635));
#1705=CARTESIAN_POINT('Ctrl Pts',(0.586306197301632,-12.4018652156365,-30.491713104357));
#1706=CARTESIAN_POINT('Ctrl Pts',(0.781883847272631,-12.1747887010635,-30.5105732131505));
#1707=CARTESIAN_POINT('',(2.69976395993981,-12.1740277693246,-30.5105732131505));
#1708=CARTESIAN_POINT('Origin',(1.73999999999503,-13.,-30.5105732131505));
#1709=CARTESIAN_POINT('Ctrl Pts',(2.69976395993981,-12.1740277693246,-30.5105732131505));
#1710=CARTESIAN_POINT('Ctrl Pts',(2.454643101583,-11.8924001225238,-30.4869994184985));
#1711=CARTESIAN_POINT('Ctrl Pts',(2.07629839100206,-11.7233869743185,-30.4634256238465));
#1712=CARTESIAN_POINT('Ctrl Pts',(1.70331684937107,-11.7342429317746,-30.4398518291946));
#1713=CARTESIAN_POINT('Ctrl Pts',(1.29631954688854,-11.7460889480176,-30.414128114314));
#1714=CARTESIAN_POINT('Ctrl Pts',(0.895708258320921,-11.972108081374,-30.3884043994334));
#1715=CARTESIAN_POINT('Ctrl Pts',(0.675328732162789,-12.3143505936201,-30.3626806845528));
#1716=CARTESIAN_POINT('Ctrl Pts',(0.545315750059356,-12.516256688961,-30.3475049695456));
#1717=CARTESIAN_POINT('Ctrl Pts',(0.478030889047156,-12.7586133357873,-30.3323292545384));
#1718=CARTESIAN_POINT('Ctrl Pts',(0.477078390723632,-13.0004923934777,-30.3171535395311));
#1719=CARTESIAN_POINT('Origin',(1.73999999999503,-13.,-29.5105732131505));
#1720=CARTESIAN_POINT('',(0.473873723985768,-12.9995539051803,-29.8171535395311));
#1721=CARTESIAN_POINT('',(0.475244123195602,-12.999012293263,-29.95399288677));
#1722=CARTESIAN_POINT('',(0.475499999995035,-13.,-29.5105732131505));
#1723=CARTESIAN_POINT('Ctrl Pts',(0.475244123195602,-12.999012293263,-29.95399288677));
#1724=CARTESIAN_POINT('Ctrl Pts',(0.474514453260224,-12.9123017783988,-29.9594536580661));
#1725=CARTESIAN_POINT('Ctrl Pts',(0.482719217322845,-12.8257287770574,-29.9649144293621));
#1726=CARTESIAN_POINT('Ctrl Pts',(0.500385165226142,-12.7411322710788,-29.9703752006582));
#1727=CARTESIAN_POINT('Ctrl Pts',(0.583603044591558,-12.3426287847221,-29.9960989155388));
#1728=CARTESIAN_POINT('Ctrl Pts',(0.876765606634996,-11.9879839421412,-30.0218226304194));
#1729=CARTESIAN_POINT('Ctrl Pts',(1.25249736853359,-11.8312516071104,-30.0475463453));
#1730=CARTESIAN_POINT('Ctrl Pts',(1.62822913043218,-11.6745192720796,-30.0732700601806));
#1731=CARTESIAN_POINT('Ctrl Pts',(2.08653009218592,-11.7156994445991,-30.0989937750611));
#1732=CARTESIAN_POINT('Ctrl Pts',(2.42825742026629,-11.9369812388235,-30.1247174899417));
#1733=CARTESIAN_POINT('Ctrl Pts',(2.76998474834665,-12.1582630330479,-30.1504412048223));
#1734=CARTESIAN_POINT('Ctrl Pts',(2.99513844275363,-12.5596464489773,-30.1761649197029));
#1735=CARTESIAN_POINT('Ctrl Pts',(3.00590754642871,-12.9665630042815,-30.2018886345835));
#1736=CARTESIAN_POINT('Ctrl Pts',(3.01667665010378,-13.3734795595858,-30.2276123494641));
#1737=CARTESIAN_POINT('Ctrl Pts',(2.81306116304695,-13.7859292542649,-30.2533360643447));
#1738=CARTESIAN_POINT('Ctrl Pts',(2.48349443701191,-14.025037792134,-30.2790597792252));
#1739=CARTESIAN_POINT('Ctrl Pts',(2.15392771097688,-14.2641463300031,-30.3047834941058));
#1740=CARTESIAN_POINT('Ctrl Pts',(1.69840974596366,-14.3299137110622,-30.3305072089864));
#1741=CARTESIAN_POINT('Ctrl Pts',(1.31493999090555,-14.1930739479959,-30.356230923867));
#1742=CARTESIAN_POINT('Ctrl Pts',(0.931470235847438,-14.0562341849295,-30.3819546387476));
#1743=CARTESIAN_POINT('Ctrl Pts',(0.620048690744446,-13.7167872777378,-30.4076783536282));
#1744=CARTESIAN_POINT('Ctrl Pts',(0.515963935012343,-13.3238545629484,-30.4334020685088));
#1745=CARTESIAN_POINT('Ctrl Pts',(0.48819202235007,-13.2190121875158,-30.4402656745958));
#1746=CARTESIAN_POINT('Ctrl Pts',(0.475181038851492,-13.1103619966945,-30.4471292806829));
#1747=CARTESIAN_POINT('Ctrl Pts',(0.476098284108073,-13.0015167827946,-30.4539928867699));
#1748=CARTESIAN_POINT('Ctrl Pts',(0.477078390723632,-13.0004923934777,-30.3171535395311));
#1749=CARTESIAN_POINT('Ctrl Pts',(0.476416349284982,-13.1686123317259,-30.3066055396578));
#1750=CARTESIAN_POINT('Ctrl Pts',(0.507799831612295,-13.3365015440752,-30.2960575397844));
#1751=CARTESIAN_POINT('Ctrl Pts',(0.572439092344697,-13.4904169251542,-30.285509539911));
#1752=CARTESIAN_POINT('Ctrl Pts',(0.730076742433385,-13.8657748533065,-30.2597858250304));
#1753=CARTESIAN_POINT('Ctrl Pts',(1.08549980635941,-14.1580248184751,-30.2340621101499));
#1754=CARTESIAN_POINT('Ctrl Pts',(1.48422167983453,-14.2402456083256,-30.2083383952693));
#1755=CARTESIAN_POINT('Ctrl Pts',(1.88294355330966,-14.3224663981761,-30.1826146803887));
#1756=CARTESIAN_POINT('Ctrl Pts',(2.32496423633388,-14.1946580127085,-30.1568909655081));
#1757=CARTESIAN_POINT('Ctrl Pts',(2.61825090914085,-13.9123227833847,-30.1311672506275));
#1758=CARTESIAN_POINT('Ctrl Pts',(2.91153758194782,-13.6299875540608,-30.1054435357469));
#1759=CARTESIAN_POINT('Ctrl Pts',(3.05609024453753,-13.1931254808806,-30.0797198208663));
#1760=CARTESIAN_POINT('Ctrl Pts',(2.98908704882976,-12.7915699223374,-30.0539961059857));
#1761=CARTESIAN_POINT('Ctrl Pts',(2.92208385312199,-12.3900143637942,-30.0282723911052));
#1762=CARTESIAN_POINT('Ctrl Pts',(2.64352479911675,-12.0237653198879,-30.0025486762246));
#1763=CARTESIAN_POINT('Ctrl Pts',(2.27445130372808,-11.8519517444803,-29.976824961344));
#1764=CARTESIAN_POINT('Ctrl Pts',(1.90537780833942,-11.6801381690727,-29.9511012464634));
#1765=CARTESIAN_POINT('Ctrl Pts',(1.44578987156733,-11.7027600621638,-29.9253775315828));
#1766=CARTESIAN_POINT('Ctrl Pts',(1.09537683316092,-11.9099918531482,-29.8996538167022));
#1767=CARTESIAN_POINT('Ctrl Pts',(0.744963794754506,-12.1172236441326,-29.8739301018216));
#1768=CARTESIAN_POINT('Ctrl Pts',(0.503725654713773,-12.5090653330103,-29.848206386941));
#1769=CARTESIAN_POINT('Ctrl Pts',(0.47648282912556,-12.9152585056048,-29.8224826720605));
#1770=CARTESIAN_POINT('Ctrl Pts',(0.47460154786807,-12.9433085916742,-29.8207062945507));
#1771=CARTESIAN_POINT('Ctrl Pts',(0.47374075348212,-12.9714271161612,-29.8189299170409));
#1772=CARTESIAN_POINT('Ctrl Pts',(0.473873723985768,-12.9995539051803,-29.8171535395311));
#1773=CARTESIAN_POINT('Origin',(1.73999999999503,-13.,-29.5105732131505));
#1774=CARTESIAN_POINT('',(0.477232011568818,-13.0002843814675,-29.3171535395311));
#1775=CARTESIAN_POINT('',(0.476281481872042,-13.0009117790232,-29.4539928867699));
#1776=CARTESIAN_POINT('',(0.475499999995035,-13.,-29.5105732131505));
#1777=CARTESIAN_POINT('Ctrl Pts',(0.476281481872042,-13.0009117790232,-29.4539928867699));
#1778=CARTESIAN_POINT('Ctrl Pts',(0.478323333808746,-12.7179088668253,-29.4717780354492));
#1779=CARTESIAN_POINT('Ctrl Pts',(0.572888947916658,-12.4336671290235,-29.4895631841284));
#1780=CARTESIAN_POINT('Ctrl Pts',(0.747784140123533,-12.2131303023701,-29.5073483328076));
#1781=CARTESIAN_POINT('Ctrl Pts',(1.00074542481436,-11.8941548160349,-29.5330720476882));
#1782=CARTESIAN_POINT('Ctrl Pts',(1.42175258601099,-11.7084471481671,-29.5587957625688));
#1783=CARTESIAN_POINT('Ctrl Pts',(1.82787665175176,-11.7366973933204,-29.5845194774494));
#1784=CARTESIAN_POINT('Ctrl Pts',(2.23400071749252,-11.7649476384738,-29.61024319233));
#1785=CARTESIAN_POINT('Ctrl Pts',(2.62524168777741,-12.0071557966482,-29.6359669072106));
#1786=CARTESIAN_POINT('Ctrl Pts',(2.83160382783556,-12.3580827457873,-29.6616906220912));
#1787=CARTESIAN_POINT('Ctrl Pts',(3.03796596789372,-12.7090096949263,-29.6874143369717));
#1788=CARTESIAN_POINT('Ctrl Pts',(3.05944927772513,-13.1686554350299,-29.7131380518523));
#1789=CARTESIAN_POINT('Ctrl Pts',(2.88671947500287,-13.5372998694589,-29.7388617667329));
#1790=CARTESIAN_POINT('Ctrl Pts',(2.71398967228062,-13.9059443038878,-29.7645854816135));
#1791=CARTESIAN_POINT('Ctrl Pts',(2.3470467570047,-14.183587432642,-29.7903091964941));
#1792=CARTESIAN_POINT('Ctrl Pts',(1.9453281411596,-14.2495972397364,-29.8160329113747));
#1793=CARTESIAN_POINT('Ctrl Pts',(1.5436095253145,-14.3156070468309,-29.8417566262553));
#1794=CARTESIAN_POINT('Ctrl Pts',(1.10711520890022,-14.1699835322655,-29.8674803411359));
#1795=CARTESIAN_POINT('Ctrl Pts',(0.825504649036776,-13.8759907099167,-29.8932040560164));
#1796=CARTESIAN_POINT('Ctrl Pts',(0.603675923527951,-13.6444082965228,-29.9134669996009));
#1797=CARTESIAN_POINT('Ctrl Pts',(0.477951663931922,-13.3207635946105,-29.9337299431855));
#1798=CARTESIAN_POINT('Ctrl Pts',(0.475244123195602,-12.999012293263,-29.95399288677));
#1799=CARTESIAN_POINT('Ctrl Pts',(0.473873723985768,-12.9995539051803,-29.8171535395311));
#1800=CARTESIAN_POINT('Ctrl Pts',(0.475666298758692,-13.3787310238313,-29.7932062021603));
#1801=CARTESIAN_POINT('Ctrl Pts',(0.658062963788656,-13.7594101157234,-29.7692588647895));
#1802=CARTESIAN_POINT('Ctrl Pts',(0.955594891166824,-13.9941652234117,-29.7453115274187));
#1803=CARTESIAN_POINT('Ctrl Pts',(1.275197289932,-14.2463341123128,-29.7195878125381));
#1804=CARTESIAN_POINT('Ctrl Pts',(1.72764959859803,-14.3301272338038,-29.6938640976575));
#1805=CARTESIAN_POINT('Ctrl Pts',(2.1163601013742,-14.209135803621,-29.6681403827769));
#1806=CARTESIAN_POINT('Ctrl Pts',(2.50507060415037,-14.0881443734382,-29.6424166678964));
#1807=CARTESIAN_POINT('Ctrl Pts',(2.83003930103667,-13.7623683915818,-29.6166929530158));
#1808=CARTESIAN_POINT('Ctrl Pts',(2.95006594428289,-13.3733587423653,-29.5909692381352));
#1809=CARTESIAN_POINT('Ctrl Pts',(3.07009258752911,-12.9843490931488,-29.5652455232546));
#1810=CARTESIAN_POINT('Ctrl Pts',(2.98517717713525,-12.5321057765723,-29.539521808374));
#1811=CARTESIAN_POINT('Ctrl Pts',(2.73221588583897,-12.2131302818209,-29.5137980934934));
#1812=CARTESIAN_POINT('Ctrl Pts',(2.47925459454268,-11.8941547870695,-29.4880743786128));
#1813=CARTESIAN_POINT('Ctrl Pts',(2.05824742234397,-11.7084471141433,-29.4623506637322));
#1814=CARTESIAN_POINT('Ctrl Pts',(1.65212334594975,-11.7366973601425,-29.4366269488517));
#1815=CARTESIAN_POINT('Ctrl Pts',(1.24599926955553,-11.7649476061418,-29.4109032339711));
#1816=CARTESIAN_POINT('Ctrl Pts',(0.854758288965797,-12.0071557710665,-29.3851795190905));
#1817=CARTESIAN_POINT('Ctrl Pts',(0.648396143549063,-12.3580827292037,-29.3594558042099));
#1818=CARTESIAN_POINT('Ctrl Pts',(0.535276322201008,-12.5504474418816,-29.345355049317));
#1819=CARTESIAN_POINT('Ctrl Pts',(0.4777091211795,-12.7754801115815,-29.331254294424));
#1820=CARTESIAN_POINT('Ctrl Pts',(0.477232011568818,-13.0002843814675,-29.3171535395311));
#1821=CARTESIAN_POINT('Origin',(1.73999999999503,-13.,-29.5105732131505));
#1822=CARTESIAN_POINT('',(0.473687888936719,-12.9998583075113,-28.8171535395311));
#1823=CARTESIAN_POINT('',(0.474779387633947,-12.999099880587,-28.9539928867699));
#1824=CARTESIAN_POINT('',(0.475499999995035,-13.,-29.5105732131505));
#1825=CARTESIAN_POINT('',(2.69811615271738,-12.1747887010635,-28.5105732131505));
#1826=CARTESIAN_POINT('Ctrl Pts',(0.473687888936719,-12.9998583075113,-28.8171535395311));
#1827=CARTESIAN_POINT('Ctrl Pts',(0.474521067186317,-13.3958435019454,-28.792131242046));
#1828=CARTESIAN_POINT('Ctrl Pts',(0.67592518883937,-13.7924491683672,-28.7671089445609));
#1829=CARTESIAN_POINT('Ctrl Pts',(0.996505529341599,-14.0250378438916,-28.7420866470758));
#1830=CARTESIAN_POINT('Ctrl Pts',(1.32607227996915,-14.2641463740817,-28.7163629321952));
#1831=CARTESIAN_POINT('Ctrl Pts',(1.78159031793062,-14.3299136844576,-28.6906392173146));
#1832=CARTESIAN_POINT('Ctrl Pts',(2.16506003603925,-14.1930739563962,-28.6649155024341));
#1833=CARTESIAN_POINT('Ctrl Pts',(2.54852975414789,-14.0562342283349,-28.6391917875535));
#1834=CARTESIAN_POINT('Ctrl Pts',(2.85995115240368,-13.7167874618363,-28.6134680726729));
#1835=CARTESIAN_POINT('Ctrl Pts',(2.96403591063447,-13.3238547361956,-28.5877443577923));
#1836=CARTESIAN_POINT('Ctrl Pts',(3.06812066886525,-12.9309220105549,-28.5620206429117));
#1837=CARTESIAN_POINT('Ctrl Pts',(2.96486878707101,-12.4845033257721,-28.5362969280311));
#1838=CARTESIAN_POINT('Ctrl Pts',(2.69811615271738,-12.1747887010635,-28.5105732131505));
#1839=CARTESIAN_POINT('',(0.780236069126658,-12.1740277516,-28.5105732131505));
#1840=CARTESIAN_POINT('Origin',(1.73999999999503,-13.,-28.5105732131505));
#1841=CARTESIAN_POINT('Ctrl Pts',(0.780236069126658,-12.1740277516,-28.5105732131505));
#1842=CARTESIAN_POINT('Ctrl Pts',(1.02535693282561,-11.8924000806153,-28.5341470078025));
#1843=CARTESIAN_POINT('Ctrl Pts',(1.4037016250157,-11.7233870175184,-28.5577208024545));
#1844=CARTESIAN_POINT('Ctrl Pts',(1.7766831519927,-11.7342429934867,-28.5812945971065));
#1845=CARTESIAN_POINT('Ctrl Pts',(2.18368043848479,-11.7460890299303,-28.6070183119871));
#1846=CARTESIAN_POINT('Ctrl Pts',(2.5842917155115,-11.9721081041902,-28.6327420268677));
#1847=CARTESIAN_POINT('Ctrl Pts',(2.80467123715092,-12.3143505957318,-28.6584657417483));
#1848=CARTESIAN_POINT('Ctrl Pts',(3.02505075879034,-12.6565930872734,-28.6841894566289));
#1849=CARTESIAN_POINT('Ctrl Pts',(3.06519852504247,-13.1150589960968,-28.7099131715094));
#1850=CARTESIAN_POINT('Ctrl Pts',(2.90756087922528,-13.4904169210609,-28.73563688639));
#1851=CARTESIAN_POINT('Ctrl Pts',(2.7499232334081,-13.8657748460249,-28.7613606012706));
#1852=CARTESIAN_POINT('Ctrl Pts',(2.3945001755216,-14.1580247871297,-28.7870843161512));
#1853=CARTESIAN_POINT('Ctrl Pts',(1.995778312031,-14.2402455711092,-28.8128080310318));
#1854=CARTESIAN_POINT('Ctrl Pts',(1.59705644854039,-14.3224663550886,-28.8385317459124));
#1855=CARTESIAN_POINT('Ctrl Pts',(1.15503577944567,-14.1946579819427,-28.864255460793));
#1856=CARTESIAN_POINT('Ctrl Pts',(0.861749114727633,-13.9123227620656,-28.8899791756736));
#1857=CARTESIAN_POINT('Ctrl Pts',(0.618466889086947,-13.678124794918,-28.9113170793723));
#1858=CARTESIAN_POINT('Ctrl Pts',(0.477524895561548,-13.3376006824562,-28.9326549830712));
#1859=CARTESIAN_POINT('Ctrl Pts',(0.474779387633947,-12.999099880587,-28.9539928867699));
#1860=CARTESIAN_POINT('Origin',(1.73999999999503,-13.,-27.4063614895618));
#1861=CARTESIAN_POINT('',(0.196687767569946,-12.9987947556384,-30.1147849367393));
#1862=CARTESIAN_POINT('',(0.198926023636177,-13.0006008407561,-30.1563614895618));
#1863=CARTESIAN_POINT('',(0.196999999995035,-13.,-27.4063614895618));
#1864=CARTESIAN_POINT('',(2.13851384185234,-14.4906494282185,-30.5105732131505));
#1865=CARTESIAN_POINT('Ctrl Pts',(0.198926023636177,-13.0006008407561,-30.1563614895618));
#1866=CARTESIAN_POINT('Ctrl Pts',(0.200088305101736,-12.705449092226,-30.171537204569));
#1867=CARTESIAN_POINT('Ctrl Pts',(0.421363404327969,-11.9084274402842,-30.2124366344568));
#1868=CARTESIAN_POINT('Ctrl Pts',(1.6874450605854,-11.1941223598437,-30.2790597792253));
#1869=CARTESIAN_POINT('Ctrl Pts',(3.20073202903441,-11.9347883542516,-30.356230923867));
#1870=CARTESIAN_POINT('Ctrl Pts',(3.44241565681841,-13.6037332184483,-30.4334020685088));
#1871=CARTESIAN_POINT('Ctrl Pts',(2.62037183675307,-14.3618283404816,-30.4848494982699));
#1872=CARTESIAN_POINT('Ctrl Pts',(2.1385138418523,-14.4906494282185,-30.5105732131505));
#1873=CARTESIAN_POINT('',(1.34034820818715,-14.492549468504,-30.5105732131505));
#1874=CARTESIAN_POINT('Origin',(1.73999999999503,-13.,-30.5105732131505));
#1875=CARTESIAN_POINT('Ctrl Pts',(0.196687767569946,-12.9987947556384,-30.1147849367393));
#1876=CARTESIAN_POINT('Ctrl Pts',(0.195797391365684,-12.8929866698847,-30.1202457080353));
#1877=CARTESIAN_POINT('Ctrl Pts',(0.252971288217904,-12.289713277609,-30.151430194212));
#1878=CARTESIAN_POINT('Ctrl Pts',(1.0443726091516,-11.3323386560865,-30.2083383952693));
#1879=CARTESIAN_POINT('Ctrl Pts',(2.72209119512083,-11.48308837423,-30.2855095399111));
#1880=CARTESIAN_POINT('Ctrl Pts',(3.54631931011484,-12.9524468814164,-30.3626806845528));
#1881=CARTESIAN_POINT('Ctrl Pts',(2.82170257388897,-14.4202524787986,-30.437701908966));
#1882=CARTESIAN_POINT('Ctrl Pts',(1.78108801450263,-14.6079287130441,-30.4869994184985));
#1883=CARTESIAN_POINT('Ctrl Pts',(1.34034820818715,-14.492549468504,-30.5105732131505));
#1884=CARTESIAN_POINT('Origin',(1.73999999999503,-13.,-27.4063614895618));
#1885=CARTESIAN_POINT('',(0.197953599470102,-13.0011125939365,-29.6147849367393));
#1886=CARTESIAN_POINT('',(0.195015544572103,-12.999455654957,-29.6563614895618));
#1887=CARTESIAN_POINT('',(0.196999999995035,-13.,-27.4063614895618));
#1888=CARTESIAN_POINT('Ctrl Pts',(0.195015544572102,-12.999455654957,-29.6563614895618));
#1889=CARTESIAN_POINT('Ctrl Pts',(0.19485328795911,-12.9651340768974,-29.6581378670716));
#1890=CARTESIAN_POINT('Ctrl Pts',(0.211114218889598,-12.4339580004556,-29.685637959462));
#1891=CARTESIAN_POINT('Ctrl Pts',(0.820181562190939,-11.4446535049097,-29.738861766733));
#1892=CARTESIAN_POINT('Ctrl Pts',(2.50261142325697,-11.361840738505,-29.8160329113747));
#1893=CARTESIAN_POINT('Ctrl Pts',(3.52234243234378,-12.7025816038607,-29.8932040560165));
#1894=CARTESIAN_POINT('Ctrl Pts',(2.99317337332618,-14.301818090022,-29.9703752006582));
#1895=CARTESIAN_POINT('Ctrl Pts',(1.37505258114021,-14.7696907798831,-30.0475463452999));
#1896=CARTESIAN_POINT('Ctrl Pts',(0.329806168798012,-13.9102270629669,-30.1095417749345));
#1897=CARTESIAN_POINT('Ctrl Pts',(0.198118170777469,-13.2057483810621,-30.1458134896885));
#1898=CARTESIAN_POINT('Ctrl Pts',(0.198926023636177,-13.0006008407561,-30.1563614895618));
#1899=CARTESIAN_POINT('Ctrl Pts',(0.197953599470102,-13.0011125939365,-29.6147849367393));
#1900=CARTESIAN_POINT('Ctrl Pts',(0.200445159405519,-12.65577966114,-29.6325700854185));
#1901=CARTESIAN_POINT('Ctrl Pts',(0.482738464994716,-11.8072731452417,-29.6760789489783));
#1902=CARTESIAN_POINT('Ctrl Pts',(1.86539208378232,-11.1973800064071,-29.7453115274187));
#1903=CARTESIAN_POINT('Ctrl Pts',(3.29762178045988,-12.0840400018121,-29.8224826720605));
#1904=CARTESIAN_POINT('Ctrl Pts',(3.37626649474189,-13.7666814655841,-29.8996538167022));
#1905=CARTESIAN_POINT('Ctrl Pts',(2.03298554985282,-14.7830595146179,-29.976824961344));
#1906=CARTESIAN_POINT('Ctrl Pts',(0.548164957928423,-14.2876927138053,-30.0485353346897));
#1907=CARTESIAN_POINT('Ctrl Pts',(0.199991631038622,-13.391410222605,-30.0945219931548));
#1908=CARTESIAN_POINT('Ctrl Pts',(0.196687767569946,-12.9987947556384,-30.1147849367393));
#1909=CARTESIAN_POINT('Origin',(1.73999999999503,-13.,-27.4063614895618));
#1910=CARTESIAN_POINT('',(0.196120676251928,-12.9989016336464,-29.1147849367393));
#1911=CARTESIAN_POINT('',(0.199113478728406,-13.0003470151082,-29.1563614895618));
#1912=CARTESIAN_POINT('',(0.196999999995035,-13.,-27.4063614895618));
#1913=CARTESIAN_POINT('Ctrl Pts',(0.199113478728406,-13.0003470151082,-29.1563614895618));
#1914=CARTESIAN_POINT('Ctrl Pts',(0.199695669419826,-12.7260306936893,-29.1704622444547));
#1915=CARTESIAN_POINT('Ctrl Pts',(0.398090268559222,-11.9504976556719,-29.2102867142282));
#1916=CARTESIAN_POINT('Ctrl Pts',(1.61460791298974,-11.1973799587173,-29.2758348988824));
#1917=CARTESIAN_POINT('Ctrl Pts',(3.15580380077766,-11.8772066237828,-29.3530060435241));
#1918=CARTESIAN_POINT('Ctrl Pts',(3.46665665543418,-13.5327497731959,-29.4301771881659));
#1919=CARTESIAN_POINT('Ctrl Pts',(2.27703222056927,-14.7253294647842,-29.5073483328076));
#1920=CARTESIAN_POINT('Ctrl Pts',(0.658850027138655,-14.4256458638135,-29.5827430999397));
#1921=CARTESIAN_POINT('Ctrl Pts',(0.197202925255869,-13.4621446973283,-29.632414152191));
#1922=CARTESIAN_POINT('Ctrl Pts',(0.195015544572102,-12.999455654957,-29.6563614895618));
#1923=CARTESIAN_POINT('Ctrl Pts',(0.196120676251928,-12.9989016336463,-29.1147849367393));
#1924=CARTESIAN_POINT('Ctrl Pts',(0.195432074736465,-12.9140021646595,-29.119170747921));
#1925=CARTESIAN_POINT('Ctrl Pts',(0.239614315978873,-12.3318653402868,-29.1492802739834));
#1926=CARTESIAN_POINT('Ctrl Pts',(0.977388597982341,-11.3618407847174,-29.2051135149264));
#1927=CARTESIAN_POINT('Ctrl Pts',(2.65981841297724,-11.4446535438558,-29.2822846595682));
#1928=CARTESIAN_POINT('Ctrl Pts',(3.54292740664559,-12.8790822775305,-29.3594558042099));
#1929=CARTESIAN_POINT('Ctrl Pts',(2.85927596405932,-14.4185849753346,-29.4366269488517));
#1930=CARTESIAN_POINT('Ctrl Pts',(1.20296779359913,-14.7253294198035,-29.5137980934934));
#1931=CARTESIAN_POINT('Ctrl Pts',(0.287508649188802,-13.8075960981795,-29.5731840894559));
#1932=CARTESIAN_POINT('Ctrl Pts',(0.19684146856534,-13.1552551539994,-29.6068463705379));
#1933=CARTESIAN_POINT('Ctrl Pts',(0.197953599470102,-13.0011125939365,-29.6147849367393));
#1934=CARTESIAN_POINT('Origin',(1.73999999999503,-13.,-27.4063614895618));
#1935=CARTESIAN_POINT('',(0.198764070202596,-13.001298827516,-28.6147849367393));
#1936=CARTESIAN_POINT('',(0.19478878025365,-12.9998271004271,-28.6563614895618));
#1937=CARTESIAN_POINT('',(0.196999999995035,-13.,-27.4063614895618));
#1938=CARTESIAN_POINT('',(1.34148615813784,-14.4906494282185,-28.5105732131505));
#1939=CARTESIAN_POINT('Ctrl Pts',(1.34148615813784,-14.4906494282185,-28.5105732131505));
#1940=CARTESIAN_POINT('Ctrl Pts',(0.859628163237065,-14.3618283404816,-28.5362969280311));
#1941=CARTESIAN_POINT('Ctrl Pts',(0.304585132676294,-13.8499638100466,-28.5710341692273));
#1942=CARTESIAN_POINT('Ctrl Pts',(0.197761162766544,-13.1764687524654,-28.6057714104236));
#1943=CARTESIAN_POINT('Ctrl Pts',(0.198764070202596,-13.001298827516,-28.6147849367392));
#1944=CARTESIAN_POINT('',(2.13965183330174,-14.492549470627,-28.5105732131505));
#1945=CARTESIAN_POINT('Origin',(1.73999999999503,-13.,-28.5105732131505));
#1946=CARTESIAN_POINT('Ctrl Pts',(2.13965183330174,-14.492549470627,-28.5105732131505));
#1947=CARTESIAN_POINT('Ctrl Pts',(1.69891204899918,-14.6079286944602,-28.5341470078025));
#1948=CARTESIAN_POINT('Ctrl Pts',(0.67310345709776,-14.4229229157987,-28.5827430999396));
#1949=CARTESIAN_POINT('Ctrl Pts',(0.195805461976964,-13.4830261158574,-28.6313391920767));
#1950=CARTESIAN_POINT('Ctrl Pts',(0.19478878025365,-12.9998271004271,-28.6563614895618));
#1951=CARTESIAN_POINT('Origin',(1.73999999999504,-3.5,-30.0105732131505));
#1952=CARTESIAN_POINT('',(0.477083803215771,-3.50049120172161,-30.3171535395311));
#1953=CARTESIAN_POINT('',(0.476076394650155,-3.50149290938436,-30.4539928867699));
#1954=CARTESIAN_POINT('',(0.475499999995035,-3.5,-30.0105732131505));
#1955=CARTESIAN_POINT('',(0.781883847272635,-2.67478870106352,-30.5105732131505));
#1956=CARTESIAN_POINT('Ctrl Pts',(0.476076394650155,-3.50149290938436,-30.4539928867699));
#1957=CARTESIAN_POINT('Ctrl Pts',(0.478604525298934,-3.20241213265806,-30.4728529955635));
#1958=CARTESIAN_POINT('Ctrl Pts',(0.586306197301635,-2.90186521563646,-30.491713104357));
#1959=CARTESIAN_POINT('Ctrl Pts',(0.781883847272635,-2.67478870106352,-30.5105732131505));
#1960=CARTESIAN_POINT('',(2.6997588715932,-2.67402370607171,-30.5105732131505));
#1961=CARTESIAN_POINT('Origin',(1.73999999999504,-3.5,-30.5105732131505));
#1962=CARTESIAN_POINT('Ctrl Pts',(2.6997588715932,-2.67402370607171,-30.5105732131505));
#1963=CARTESIAN_POINT('Ctrl Pts',(2.45463709221583,-2.39239204084868,-30.4869994184985));
#1964=CARTESIAN_POINT('Ctrl Pts',(2.07629563309323,-2.22339430544921,-30.4634256238465));
#1965=CARTESIAN_POINT('Ctrl Pts',(1.70331661988709,-2.23425363291446,-30.4398518291945));
#1966=CARTESIAN_POINT('Ctrl Pts',(1.2963220764207,-2.24610332651003,-30.414128114314));
#1967=CARTESIAN_POINT('Ctrl Pts',(0.895712685941287,-2.47211179766196,-30.3884043994334));
#1968=CARTESIAN_POINT('Ctrl Pts',(0.675333889293203,-2.81435069140397,-30.3626806845528));
#1969=CARTESIAN_POINT('Ctrl Pts',(0.545321337564491,-3.01625465200715,-30.3475049695456));
#1970=CARTESIAN_POINT('Ctrl Pts',(0.478036500213394,-3.25861161559518,-30.3323292545383));
#1971=CARTESIAN_POINT('Ctrl Pts',(0.477083803215771,-3.50049120172161,-30.3171535395311));
#1972=CARTESIAN_POINT('Origin',(1.73999999999504,-3.5,-30.0105732131505));
#1973=CARTESIAN_POINT('',(0.473879254419743,-3.49955395063872,-29.8171535395311));
#1974=CARTESIAN_POINT('',(0.475249486569044,-3.49901173691475,-29.95399288677));
#1975=CARTESIAN_POINT('',(0.475499999995035,-3.5,-30.0105732131505));
#1976=CARTESIAN_POINT('Ctrl Pts',(0.475249486569044,-3.49901173691475,-29.95399288677));
#1977=CARTESIAN_POINT('Ctrl Pts',(0.474519819302496,-3.41230158260503,-29.959453658066));
#1978=CARTESIAN_POINT('Ctrl Pts',(0.48272456033195,-3.32572897921723,-29.9649144293621));
#1979=CARTESIAN_POINT('Ctrl Pts',(0.500390463354125,-3.24113291931879,-29.9703752006582));
#1980=CARTESIAN_POINT('Ctrl Pts',(0.583608131300838,-2.84263153428392,-29.9960989155388));
#1981=CARTESIAN_POINT('Ctrl Pts',(0.876769997117134,-2.48798986095751,-30.0218226304194));
#1982=CARTESIAN_POINT('Ctrl Pts',(1.25249979214867,-2.33125760677889,-30.0475463453));
#1983=CARTESIAN_POINT('Ctrl Pts',(1.6282295871802,-2.17452535260028,-30.0732700601806));
#1984=CARTESIAN_POINT('Ctrl Pts',(2.08652731142697,-2.21570251756946,-30.0989937750611));
#1985=CARTESIAN_POINT('Ctrl Pts',(2.42825380605916,-2.4369843493777,-30.1247174899417));
#1986=CARTESIAN_POINT('Ctrl Pts',(2.76998030069136,-2.65826618118594,-30.1504412048223));
#1987=CARTESIAN_POINT('Ctrl Pts',(2.99513556570897,-3.05965267983323,-30.1761649197029));
#1988=CARTESIAN_POINT('Ctrl Pts',(3.00590323159023,-3.46656583263596,-30.2018886345835));
#1989=CARTESIAN_POINT('Ctrl Pts',(3.01667089747149,-3.87347898543869,-30.2276123494641));
#1990=CARTESIAN_POINT('Ctrl Pts',(2.81305096421638,-4.28591879239687,-30.2533360643447));
#1991=CARTESIAN_POINT('Ctrl Pts',(2.48348859327005,-4.52502881649816,-30.2790597792253));
#1992=CARTESIAN_POINT('Ctrl Pts',(2.15392622232371,-4.76413884059946,-30.3047834941058));
#1993=CARTESIAN_POINT('Ctrl Pts',(1.69842141368615,-4.82991908184389,-30.3305072089864));
#1994=CARTESIAN_POINT('Ctrl Pts',(1.31494529143227,-4.69307332155719,-30.356230923867));
#1995=CARTESIAN_POINT('Ctrl Pts',(0.931469169178397,-4.55622756127049,-30.3819546387476));
#1996=CARTESIAN_POINT('Ctrl Pts',(0.620021733308203,-4.21675579945268,-30.4076783536282));
#1997=CARTESIAN_POINT('Ctrl Pts',(0.515937244243361,-3.8238247405781,-30.4334020685088));
#1998=CARTESIAN_POINT('Ctrl Pts',(0.488165402733293,-3.71898280697692,-30.4402656745958));
#1999=CARTESIAN_POINT('Ctrl Pts',(0.475156352613293,-3.61033494535212,-30.4471292806829));
#2000=CARTESIAN_POINT('Ctrl Pts',(0.476076394650155,-3.50149290938436,-30.4539928867699));
#2001=CARTESIAN_POINT('Ctrl Pts',(0.477083803215771,-3.50049120172161,-30.3171535395311));
#2002=CARTESIAN_POINT('Ctrl Pts',(0.47642162368713,-3.66861150726339,-30.3066055396578));
#2003=CARTESIAN_POINT('Ctrl Pts',(0.50780486051311,-3.83650118916731,-30.2960575397844));
#2004=CARTESIAN_POINT('Ctrl Pts',(0.572443830244569,-3.9904163899595,-30.285509539911));
#2005=CARTESIAN_POINT('Ctrl Pts',(0.730080770660771,-4.36577387844092,-30.2597858250305));
#2006=CARTESIAN_POINT('Ctrl Pts',(1.08550285430993,-4.65801953907167,-30.2340621101499));
#2007=CARTESIAN_POINT('Ctrl Pts',(1.48422305759016,-4.74023928841611,-30.2083383952693));
#2008=CARTESIAN_POINT('Ctrl Pts',(1.88294326087039,-4.82245903776055,-30.1826146803887));
#2009=CARTESIAN_POINT('Ctrl Pts',(2.32496158378169,-4.69465287581869,-30.1568909655081));
#2010=CARTESIAN_POINT('Ctrl Pts',(2.61824689823943,-4.41231926264176,-30.1311672506275));
#2011=CARTESIAN_POINT('Ctrl Pts',(2.91153221269718,-4.12998564946483,-30.1054435357469));
#2012=CARTESIAN_POINT('Ctrl Pts',(3.05608451870136,-3.69312458505285,-30.0797198208663));
#2013=CARTESIAN_POINT('Ctrl Pts',(2.9890816697485,-3.29157057852262,-30.0539961059857));
#2014=CARTESIAN_POINT('Ctrl Pts',(2.92207882079564,-2.8900165719924,-30.0282723911052));
#2015=CARTESIAN_POINT('Ctrl Pts',(2.64352081688573,-2.52376962334393,-30.0025486762246));
#2016=CARTESIAN_POINT('Ctrl Pts',(2.27444890464045,-2.35195691478495,-29.976824961344));
#2017=CARTESIAN_POINT('Ctrl Pts',(1.90537699239517,-2.18014420622597,-29.9511012464634));
#2018=CARTESIAN_POINT('Ctrl Pts',(1.44579117181451,-2.20276573775646,-29.9253775315828));
#2019=CARTESIAN_POINT('Ctrl Pts',(1.0953796909969,-2.40999655853367,-29.8996538167022));
#2020=CARTESIAN_POINT('Ctrl Pts',(0.744968210179293,-2.61722737931088,-29.8739301018216));
#2021=CARTESIAN_POINT('Ctrl Pts',(0.503731069124729,-3.0090674893348,-29.8482063869411));
#2022=CARTESIAN_POINT('Ctrl Pts',(0.476488350146196,-3.41525891504922,-29.8224826720605));
#2023=CARTESIAN_POINT('Ctrl Pts',(0.474607076250747,-3.443308880486,-29.8207062945507));
#2024=CARTESIAN_POINT('Ctrl Pts',(0.473746284971331,-3.47142728353923,-29.8189299170409));
#2025=CARTESIAN_POINT('Ctrl Pts',(0.473879254419743,-3.49955395063872,-29.8171535395311));
#2026=CARTESIAN_POINT('Origin',(1.73999999999504,-3.5,-30.0105732131505));
#2027=CARTESIAN_POINT('',(0.477237531861556,-3.50028444474723,-29.3171535395311));
#2028=CARTESIAN_POINT('',(0.476287018956157,-3.50091176640302,-29.45399288677));
#2029=CARTESIAN_POINT('',(0.475499999995035,-3.5,-30.0105732131505));
#2030=CARTESIAN_POINT('Ctrl Pts',(0.476287018956157,-3.50091176640302,-29.45399288677));
#2031=CARTESIAN_POINT('Ctrl Pts',(0.478328861759589,-3.21791008889584,-29.4717780354492));
#2032=CARTESIAN_POINT('Ctrl Pts',(0.572894062993449,-2.93366959431026,-29.4895631841284));
#2033=CARTESIAN_POINT('Ctrl Pts',(0.747788490521102,-2.71313374339026,-29.5073483328076));
#2034=CARTESIAN_POINT('Ctrl Pts',(1.00074866921104,-2.39415966831608,-29.5330720476882));
#2035=CARTESIAN_POINT('Ctrl Pts',(1.42175398844613,-2.20845285214725,-29.5587957625688));
#2036=CARTESIAN_POINT('Ctrl Pts',(1.82787626897199,-2.2367029533545,-29.5845194774494));
#2037=CARTESIAN_POINT('Ctrl Pts',(2.23399854949783,-2.26495305456174,-29.61024319233));
#2038=CARTESIAN_POINT('Ctrl Pts',(2.62523779131444,-2.50716007314504,-29.6359669072106));
#2039=CARTESIAN_POINT('Ctrl Pts',(2.83159903501931,-2.85808551879285,-29.6616906220912));
#2040=CARTESIAN_POINT('Ctrl Pts',(3.03796027872419,-3.20901096444065,-29.6874143369718));
#2041=CARTESIAN_POINT('Ctrl Pts',(3.05944352431732,-3.66865483715295,-29.7131380518523));
#2042=CARTESIAN_POINT('Ctrl Pts',(2.88671446184656,-4.03729759202602,-29.7388617667329));
#2043=CARTESIAN_POINT('Ctrl Pts',(2.71398539937579,-4.40594034689909,-29.7645854816135));
#2044=CARTESIAN_POINT('Ctrl Pts',(2.34704402884113,-4.68358198393292,-29.7903091964941));
#2045=CARTESIAN_POINT('Ctrl Pts',(1.94532720973157,-4.7495916152621,-29.8160329113747));
#2046=CARTESIAN_POINT('Ctrl Pts',(1.54361039062202,-4.81560124659128,-29.8417566262553));
#2047=CARTESIAN_POINT('Ctrl Pts',(1.10711812293759,-4.6699788722158,-29.8674803411359));
#2048=CARTESIAN_POINT('Ctrl Pts',(0.825508724133936,-4.3759871366564,-29.8932040560165));
#2049=CARTESIAN_POINT('Ctrl Pts',(0.603680913208759,-4.1444055793423,-29.913466999601));
#2050=CARTESIAN_POINT('Ctrl Pts',(0.477957017402298,-3.82076170037524,-29.9337299431855));
#2051=CARTESIAN_POINT('Ctrl Pts',(0.475249486569044,-3.49901173691475,-29.95399288677));
#2052=CARTESIAN_POINT('Ctrl Pts',(0.473879254419743,-3.49955395063872,-29.8171535395311));
#2053=CARTESIAN_POINT('Ctrl Pts',(0.475671814967032,-3.87872942569293,-29.7932062021603));
#2054=CARTESIAN_POINT('Ctrl Pts',(0.658067709422705,-4.25940678572391,-29.7692588647895));
#2055=CARTESIAN_POINT('Ctrl Pts',(0.955598339531974,-4.49416084651236,-29.7453115274187));
#2056=CARTESIAN_POINT('Ctrl Pts',(1.27519934479879,-4.74632861085617,-29.7195878125381));
#2057=CARTESIAN_POINT('Ctrl Pts',(1.72764965223492,-4.83012139813885,-29.6938640976575));
#2058=CARTESIAN_POINT('Ctrl Pts',(2.11635844644158,-4.70913051057587,-29.668140382777));
#2059=CARTESIAN_POINT('Ctrl Pts',(2.50506724064824,-4.58813962301289,-29.6424166678964));
#2060=CARTESIAN_POINT('Ctrl Pts',(2.83003452162541,-4.26236506060426,-29.6166929530158));
#2061=CARTESIAN_POINT('Ctrl Pts',(2.95006064190197,-3.8733571063468,-29.5909692381352));
#2062=CARTESIAN_POINT('Ctrl Pts',(3.07008676217853,-3.48434915208935,-29.5652455232546));
#2063=CARTESIAN_POINT('Ctrl Pts',(2.98517172175447,-3.03210780598308,-29.539521808374));
#2064=CARTESIAN_POINT('Ctrl Pts',(2.73221153625701,-2.7131337222083,-29.5137980934934));
#2065=CARTESIAN_POINT('Ctrl Pts',(2.47925135075955,-2.39415963843353,-29.4880743786129));
#2066=CARTESIAN_POINT('Ctrl Pts',(2.05824602018869,-2.20845281699025,-29.4623506637323));
#2067=CARTESIAN_POINT('Ctrl Pts',(1.65212372866489,-2.2367029190992,-29.4366269488517));
#2068=CARTESIAN_POINT('Ctrl Pts',(1.24600143714108,-2.26495302120814,-29.4109032339711));
#2069=CARTESIAN_POINT('Ctrl Pts',(0.854762184664342,-2.50716004686931,-29.3851795190905));
#2070=CARTESIAN_POINT('Ctrl Pts',(0.648400935448443,-2.85808550175013,-29.3594558042099));
#2071=CARTESIAN_POINT('Ctrl Pts',(0.535281605363346,-3.05044939040054,-29.345355049317));
#2072=CARTESIAN_POINT('Ctrl Pts',(0.477714645630807,-3.27548112669985,-29.331254294424));
#2073=CARTESIAN_POINT('Ctrl Pts',(0.477237531861556,-3.50028444474723,-29.3171535395311));
#2074=CARTESIAN_POINT('Origin',(1.73999999999504,-3.5,-30.0105732131505));
#2075=CARTESIAN_POINT('',(0.473692328543355,-3.49986084025088,-28.8171535395311));
#2076=CARTESIAN_POINT('',(0.474784882233096,-3.4990997844241,-28.9539928867699));
#2077=CARTESIAN_POINT('',(0.475499999995035,-3.5,-30.0105732131505));
#2078=CARTESIAN_POINT('',(2.69811615271739,-2.67478870106347,-28.5105732131505));
#2079=CARTESIAN_POINT('Ctrl Pts',(0.473692328543355,-3.49986084025088,-28.8171535395311));
#2080=CARTESIAN_POINT('Ctrl Pts',(0.474527054577156,-3.89584239621411,-28.792131242046));
#2081=CARTESIAN_POINT('Ctrl Pts',(0.675935261502375,-4.29243875526768,-28.7671089445609));
#2082=CARTESIAN_POINT('Ctrl Pts',(0.996511369291858,-4.52502887382821,-28.7420866470758));
#2083=CARTESIAN_POINT('Ctrl Pts',(1.32607376855656,-4.76413888750522,-28.7163629321952));
#2084=CARTESIAN_POINT('Ctrl Pts',(1.78157866429976,-4.82991904292388,-28.6906392173146));
#2085=CARTESIAN_POINT('Ctrl Pts',(2.16505474623879,-4.6930733203924,-28.664915502434));
#2086=CARTESIAN_POINT('Ctrl Pts',(2.54853082817782,-4.55622759786093,-28.6391917875535));
#2087=CARTESIAN_POINT('Ctrl Pts',(2.85997809631267,-4.21675599737932,-28.6134680726729));
#2088=CARTESIAN_POINT('Ctrl Pts',(2.96406258603597,-3.82382492935711,-28.5877443577923));
#2089=CARTESIAN_POINT('Ctrl Pts',(3.06814707575927,-3.43089386133491,-28.5620206429117));
#2090=CARTESIAN_POINT('Ctrl Pts',(2.96486878707101,-2.9845033257721,-28.5362969280311));
#2091=CARTESIAN_POINT('Ctrl Pts',(2.69811615271739,-2.67478870106347,-28.5105732131505));
#2092=CARTESIAN_POINT('',(0.780241161165316,-2.67402367384882,-28.5105732131505));
#2093=CARTESIAN_POINT('Origin',(1.73999999999504,-3.5,-28.5105732131505));
#2094=CARTESIAN_POINT('Ctrl Pts',(0.780241161165316,-2.67402367384882,-28.5105732131505));
#2095=CARTESIAN_POINT('Ctrl Pts',(1.02536294637804,-2.3923919841378,-28.5341470078025));
#2096=CARTESIAN_POINT('Ctrl Pts',(1.40370438433518,-2.22339435138672,-28.5577208024545));
#2097=CARTESIAN_POINT('Ctrl Pts',(1.77668338148404,-2.23425370136658,-28.5812945971065));
#2098=CARTESIAN_POINT('Ctrl Pts',(2.18367790742872,-2.24610341953008,-28.6070183119871));
#2099=CARTESIAN_POINT('Ctrl Pts',(2.5842872864688,-2.47211181983331,-28.6327420268677));
#2100=CARTESIAN_POINT('Ctrl Pts',(2.8046660788099,-2.81435069027129,-28.6584657417483));
#2101=CARTESIAN_POINT('Ctrl Pts',(3.025044871151,-3.15658956070928,-28.6841894566289));
#2102=CARTESIAN_POINT('Ctrl Pts',(3.06519307679312,-3.61505890128202,-28.7099131715094));
#2103=CARTESIAN_POINT('Ctrl Pts',(2.9075561407068,-3.99041638769109,-28.73563688639));
#2104=CARTESIAN_POINT('Ctrl Pts',(2.74991920462048,-4.36577387410015,-28.7613606012706));
#2105=CARTESIAN_POINT('Ctrl Pts',(2.39449712680572,-4.65801950634555,-28.7870843161512));
#2106=CARTESIAN_POINT('Ctrl Pts',(1.99577693380098,-4.74023924889325,-28.8128080310318));
#2107=CARTESIAN_POINT('Ctrl Pts',(1.59705674079624,-4.82245899144096,-28.8385317459124));
#2108=CARTESIAN_POINT('Ctrl Pts',(1.15503843260152,-4.69465284429097,-28.864255460793));
#2109=CARTESIAN_POINT('Ctrl Pts',(0.861753126533471,-4.41231924130016,-28.8899791756736));
#2110=CARTESIAN_POINT('Ctrl Pts',(0.618472027897291,-4.17812261536494,-28.9113170793724));
#2111=CARTESIAN_POINT('Ctrl Pts',(0.47753047175267,-3.8375994250021,-28.9326549830712));
#2112=CARTESIAN_POINT('Ctrl Pts',(0.474784882233096,-3.4990997844241,-28.9539928867699));
#2113=CARTESIAN_POINT('Origin',(1.73999999999504,-3.5,-27.4063614895618));
#2114=CARTESIAN_POINT('',(0.196694312200409,-3.49879407675718,-30.1147849367393));
#2115=CARTESIAN_POINT('',(0.198932628203494,-3.50059938652151,-30.1563614895618));
#2116=CARTESIAN_POINT('',(0.196999999995035,-3.49999999999999,-27.4063614895618));
#2117=CARTESIAN_POINT('',(2.13851384185233,-4.9906494282185,-30.5105732131505));
#2118=CARTESIAN_POINT('Ctrl Pts',(0.198932628203493,-3.50059938652151,-30.1563614895618));
#2119=CARTESIAN_POINT('Ctrl Pts',(0.200095152100158,-3.20544699316992,-30.171537204569));
#2120=CARTESIAN_POINT('Ctrl Pts',(0.421370173513747,-2.40842429951544,-30.2124366344568));
#2121=CARTESIAN_POINT('Ctrl Pts',(1.68744583110183,-1.69415291563269,-30.2790597792253));
#2122=CARTESIAN_POINT('Ctrl Pts',(3.20071954789317,-2.43475295490079,-30.356230923867));
#2123=CARTESIAN_POINT('Ctrl Pts',(3.44243019106455,-4.10382628516699,-30.4334020685088));
#2124=CARTESIAN_POINT('Ctrl Pts',(2.62037183675306,-4.86182834048158,-30.4848494982699));
#2125=CARTESIAN_POINT('Ctrl Pts',(2.1385138418523,-4.99064942821851,-30.5105732131505));
#2126=CARTESIAN_POINT('',(1.34035614514537,-4.99255007830836,-30.5105732131505));
#2127=CARTESIAN_POINT('Origin',(1.73999999999504,-3.5,-30.5105732131505));
#2128=CARTESIAN_POINT('Ctrl Pts',(0.196694312200408,-3.49879407675718,-30.1147849367393));
#2129=CARTESIAN_POINT('Ctrl Pts',(0.195803939252775,-3.39298643096841,-30.1202457080353));
#2130=CARTESIAN_POINT('Ctrl Pts',(0.252977675601175,-2.78971581178369,-30.151430194212));
#2131=CARTESIAN_POINT('Ctrl Pts',(1.04437711704837,-1.832349745761,-30.2083383952693));
#2132=CARTESIAN_POINT('Ctrl Pts',(2.72208385136099,-1.98308845405862,-30.285509539911));
#2133=CARTESIAN_POINT('Ctrl Pts',(3.54631771594504,-3.45245824625975,-30.3626806845528));
#2134=CARTESIAN_POINT('Ctrl Pts',(2.82168515680844,-4.92022865570917,-30.437701908966));
#2135=CARTESIAN_POINT('Ctrl Pts',(1.78109964350082,-5.10793274057308,-30.4869994184985));
#2136=CARTESIAN_POINT('Ctrl Pts',(1.34035614514537,-4.99255007830836,-30.5105732131505));
#2137=CARTESIAN_POINT('Origin',(1.73999999999504,-3.5,-27.4063614895618));
#2138=CARTESIAN_POINT('',(0.197960356070172,-3.50111257853687,-29.6147849367393));
#2139=CARTESIAN_POINT('',(0.195022293057372,-3.49945571042748,-29.6563614895618));
#2140=CARTESIAN_POINT('',(0.196999999995035,-3.49999999999999,-27.4063614895618));
#2141=CARTESIAN_POINT('Ctrl Pts',(0.195022293057372,-3.49945571042748,-29.6563614895618));
#2142=CARTESIAN_POINT('Ctrl Pts',(0.194860037732026,-3.4651342811396,-29.6581378670716));
#2143=CARTESIAN_POINT('Ctrl Pts',(0.211120909978191,-2.93396049865765,-29.685637959462));
#2144=CARTESIAN_POINT('Ctrl Pts',(0.820185731083615,-1.94465998933158,-29.7388617667329));
#2145=CARTESIAN_POINT('Ctrl Pts',(2.50260784533261,-1.86184854650463,-29.8160329113747));
#2146=CARTESIAN_POINT('Ctrl Pts',(3.52233501029818,-3.20258174167564,-29.8932040560164));
#2147=CARTESIAN_POINT('Ctrl Pts',(2.99316725664584,-4.80181453500351,-29.9703752006582));
#2148=CARTESIAN_POINT('Ctrl Pts',(1.37505510420897,-5.26967908512521,-30.0475463452999));
#2149=CARTESIAN_POINT('Ctrl Pts',(0.329811574715359,-4.41022802721513,-30.1095417749345));
#2150=CARTESIAN_POINT('Ctrl Pts',(0.198124606841142,-3.70574737501574,-30.1458134896885));
#2151=CARTESIAN_POINT('Ctrl Pts',(0.198932628203493,-3.50059938652151,-30.1563614895618));
#2152=CARTESIAN_POINT('Ctrl Pts',(0.197960356070172,-3.50111257853687,-29.6147849367393));
#2153=CARTESIAN_POINT('Ctrl Pts',(0.200451904860759,-3.15578115236559,-29.6325700854185));
#2154=CARTESIAN_POINT('Ctrl Pts',(0.48274397795565,-2.3072783476642,-29.6760789489783));
#2155=CARTESIAN_POINT('Ctrl Pts',(1.86539154745236,-1.69738800594283,-29.7453115274187));
#2156=CARTESIAN_POINT('Ctrl Pts',(3.29761491666476,-2.58404382960605,-29.8224826720605));
#2157=CARTESIAN_POINT('Ctrl Pts',(3.37625939578744,-4.26667845735238,-29.8996538167022));
#2158=CARTESIAN_POINT('Ctrl Pts',(2.03298410578747,-5.28305104559249,-29.976824961344));
#2159=CARTESIAN_POINT('Ctrl Pts',(0.548170483017413,-4.78768812335821,-30.0485353346897));
#2160=CARTESIAN_POINT('Ctrl Pts',(0.199998163584918,-3.89140791117358,-30.0945219931547));
#2161=CARTESIAN_POINT('Ctrl Pts',(0.196694312200408,-3.49879407675718,-30.1147849367393));
#2162=CARTESIAN_POINT('Origin',(1.73999999999504,-3.5,-27.4063614895618));
#2163=CARTESIAN_POINT('',(0.196127381009925,-3.49890151630399,-29.1147849367393));
#2164=CARTESIAN_POINT('',(0.19912021483888,-3.50034709232502,-29.1563614895618));
#2165=CARTESIAN_POINT('',(0.196999999995035,-3.49999999999999,-27.4063614895618));
#2166=CARTESIAN_POINT('Ctrl Pts',(0.19912021483888,-3.50034709232502,-29.1563614895618));
#2167=CARTESIAN_POINT('Ctrl Pts',(0.199702410604759,-3.22603193238266,-29.1704622444547));
#2168=CARTESIAN_POINT('Ctrl Pts',(0.398096178186808,-2.45050211115579,-29.2102867142282));
#2169=CARTESIAN_POINT('Ctrl Pts',(1.61460844925399,-1.69738795660655,-29.2758348988824));
#2170=CARTESIAN_POINT('Ctrl Pts',(3.15579759532955,-2.37721150461836,-29.3530060435241));
#2171=CARTESIAN_POINT('Ctrl Pts',(3.46664909562449,-4.03274744066101,-29.4301771881659));
#2172=CARTESIAN_POINT('Ctrl Pts',(2.27702984402833,-5.22532193602643,-29.5073483328076));
#2173=CARTESIAN_POINT('Ctrl Pts',(0.658854807936806,-4.92563953034146,-29.5827430999396));
#2174=CARTESIAN_POINT('Ctrl Pts',(0.197209656382376,-3.96214274720775,-29.632414152191));
#2175=CARTESIAN_POINT('Ctrl Pts',(0.195022293057372,-3.49945571042748,-29.6563614895618));
#2176=CARTESIAN_POINT('Ctrl Pts',(0.196127381009925,-3.49890151630399,-29.1147849367393));
#2177=CARTESIAN_POINT('Ctrl Pts',(0.195438759030359,-3.41400233858088,-29.119170747921));
#2178=CARTESIAN_POINT('Ctrl Pts',(0.239620676110755,-2.83186759844889,-29.1492802739834));
#2179=CARTESIAN_POINT('Ctrl Pts',(0.977392176823598,-1.86184859507029,-29.2051135149264));
#2180=CARTESIAN_POINT('Ctrl Pts',(2.65981424314948,-1.94466002900415,-29.2822846595681));
#2181=CARTESIAN_POINT('Ctrl Pts',(3.54291957934813,-3.37908298258688,-29.3594558042099));
#2182=CARTESIAN_POINT('Ctrl Pts',(2.85927101364501,-4.91857866870168,-29.4366269488516));
#2183=CARTESIAN_POINT('Ctrl Pts',(1.20297017061291,-5.2253218896875,-29.5137980934934));
#2184=CARTESIAN_POINT('Ctrl Pts',(0.287515015640013,-4.30759256745512,-29.573184089456));
#2185=CARTESIAN_POINT('Ctrl Pts',(0.196848230140009,-3.65525446610353,-29.6068463705379));
#2186=CARTESIAN_POINT('Ctrl Pts',(0.197960356070172,-3.50111257853687,-29.6147849367393));
#2187=CARTESIAN_POINT('Origin',(1.73999999999504,-3.5,-27.4063614895618));
#2188=CARTESIAN_POINT('',(0.198760941330509,-3.50133604087957,-28.6147849367393));
#2189=CARTESIAN_POINT('',(0.194794197662144,-3.4998301909902,-28.6563614895618));
#2190=CARTESIAN_POINT('',(0.196999999995035,-3.49999999999999,-27.4063614895618));
#2191=CARTESIAN_POINT('',(1.34148615813783,-4.99064942821852,-28.5105732131505));
#2192=CARTESIAN_POINT('Ctrl Pts',(1.34148615813783,-4.99064942821852,-28.5105732131505));
#2193=CARTESIAN_POINT('Ctrl Pts',(0.85962816323706,-4.86182834048161,-28.5362969280311));
#2194=CARTESIAN_POINT('Ctrl Pts',(0.304575311748129,-4.35002668802064,-28.5710341692273));
#2195=CARTESIAN_POINT('Ctrl Pts',(0.197756369005189,-3.67651297666011,-28.6057714104236));
#2196=CARTESIAN_POINT('Ctrl Pts',(0.198760941330508,-3.50133604087957,-28.6147849367393));
#2197=CARTESIAN_POINT('',(2.13964391003369,-4.99255006835396,-28.5105732131505));
#2198=CARTESIAN_POINT('Origin',(1.73999999999504,-3.5,-28.5105732131505));
#2199=CARTESIAN_POINT('Ctrl Pts',(2.13964391003369,-4.99255006835396,-28.5105732131505));
#2200=CARTESIAN_POINT('Ctrl Pts',(1.69890043439748,-5.10793270994429,-28.5341470078025));
#2201=CARTESIAN_POINT('Ctrl Pts',(0.673120444673543,-4.92289950944859,-28.5827430999396));
#2202=CARTESIAN_POINT('Ctrl Pts',(0.195812768061634,-3.9830247665942,-28.6313391920767));
#2203=CARTESIAN_POINT('Ctrl Pts',(0.194794197662144,-3.4998301909902,-28.6563614895618));
#2204=CARTESIAN_POINT('Origin',(31.239999999995,-11.0814393311964,-33.8005732131505));
#2205=CARTESIAN_POINT('',(32.739999999995,-12.3459393311964,-33.8005732131505));
#2206=CARTESIAN_POINT('Origin',(32.739999999995,-11.0814393311964,-33.8005732131505));
#2207=CARTESIAN_POINT('',(29.739999999995,-12.3459393311964,-33.8005732131505));
#2208=CARTESIAN_POINT('',(31.239999999995,-12.3459393311964,-33.8005732131505));
#2209=CARTESIAN_POINT('Origin',(29.739999999995,-11.0814393311964,-33.8005732131505));
#2210=CARTESIAN_POINT('Origin',(31.139999999995,-5.41751621463824,-33.8005732131505));
#2211=CARTESIAN_POINT('',(32.739999999995,-6.68201621463824,-33.8005732131505));
#2212=CARTESIAN_POINT('Origin',(32.739999999995,-5.41751621463824,-33.8005732131505));
#2213=CARTESIAN_POINT('',(29.739999999995,-6.68201621463824,-33.8005732131505));
#2214=CARTESIAN_POINT('',(31.139999999995,-6.68201621463824,-33.8005732131505));
#2215=CARTESIAN_POINT('Origin',(29.739999999995,-5.41751621463824,-33.8005732131505));
#2216=CARTESIAN_POINT('Origin',(20.9806397350132,-16.5,-19.185573213152));
#2217=CARTESIAN_POINT('',(29.7299999999951,-16.5,-12.2336439878514));
#2218=CARTESIAN_POINT('',(20.9806397350151,-16.5,-8.01057321315058));
#2219=CARTESIAN_POINT('Origin',(20.9806397350132,-16.5,-19.185573213152));
#2220=CARTESIAN_POINT('',(29.7299999999951,-18.5,-12.2336439878514));
#2221=CARTESIAN_POINT('',(29.7299999999951,-16.5,-12.2336439878514));
#2222=CARTESIAN_POINT('',(20.9806397350151,-18.5,-8.01057321315058));
#2223=CARTESIAN_POINT('Origin',(20.9806397350132,-18.5,-19.185573213152));
#2224=CARTESIAN_POINT('',(20.9806397350132,-16.5,-8.01057321315053));
#2225=CARTESIAN_POINT('Origin',(29.7299999999951,-16.5,-12.2336439878514));
#2226=CARTESIAN_POINT('',(29.729999999995,-16.5,-8.01057321315053));
#2227=CARTESIAN_POINT('',(29.7299999999951,-16.5,-12.2336439878514));
#2228=CARTESIAN_POINT('',(29.729999999995,-18.5,-8.01057321315053));
#2229=CARTESIAN_POINT('',(29.729999999995,-1.9544817787754E-28,-8.01057321315053));
#2230=CARTESIAN_POINT('',(29.7299999999951,-18.5,-12.2336439878514));
#2231=CARTESIAN_POINT('Origin',(25.355319867505,-16.5,-10.122108600501));
#2232=CARTESIAN_POINT('',(18.04765993375,-16.5,-8.01057321315053));
#2233=CARTESIAN_POINT('Origin',(10.739999999995,-2.10428646467687E-28,-8.01057321315053));
#2234=CARTESIAN_POINT('',(20.6906397350149,-18.4999999999999,-8.01057321315033));
#2235=CARTESIAN_POINT('',(10.739999999995,-18.5,-8.01057321315053));
#2236=CARTESIAN_POINT('',(20.6906397350149,-16.4999999999999,-8.01057321315033));
#2237=CARTESIAN_POINT('',(20.6906397350085,-16.4999999999999,-8.01057321315053));
#2238=CARTESIAN_POINT('',(10.739999999995,-16.5,-8.01057321315053));
#2239=CARTESIAN_POINT('',(13.22765993375,-16.5,-8.01057321315053));
#2240=CARTESIAN_POINT('',(10.739999999995,2.,-8.01057321315053));
#2241=CARTESIAN_POINT('',(10.739999999995,-2.10428646467687E-28,-8.01057321315053));
#2242=CARTESIAN_POINT('',(29.729999999995,2.,-8.01057321315053));
#2243=CARTESIAN_POINT('',(10.739999999995,2.,-8.01057321315053));
#2244=CARTESIAN_POINT('',(29.729999999995,-1.9544817787754E-28,-8.01057321315053));
#2245=CARTESIAN_POINT('Origin',(20.6906397350085,-16.4999999999999,-19.1855732131665));
#2246=CARTESIAN_POINT('',(11.941279470035,-16.5,-26.1375024384495));
#2247=CARTESIAN_POINT('',(20.6906397350149,-16.4999999999999,-30.3605732131505));
#2248=CARTESIAN_POINT('Origin',(20.6906397350085,-16.4999999999999,-19.1855732131665));
#2249=CARTESIAN_POINT('',(11.941279470035,-18.5,-26.1375024384495));
#2250=CARTESIAN_POINT('',(11.941279470035,-16.5,-26.1375024384495));
#2251=CARTESIAN_POINT('',(20.6906397350149,-18.4999999999999,-30.3605732131505));
#2252=CARTESIAN_POINT('Origin',(20.6906397350085,-18.4999999999999,-19.1855732131665));
#2253=CARTESIAN_POINT('',(20.6906397350149,-16.4999999999999,-30.3605732131505));
#2254=CARTESIAN_POINT('Origin',(10.739999999995,-16.5,-30.3605732131505));
#2255=CARTESIAN_POINT('',(10.739999999995,-16.5,-30.3605732131505));
#2256=CARTESIAN_POINT('',(10.739999999995,-16.5,-30.3605732131505));
#2257=CARTESIAN_POINT('',(10.739999999995,-18.5,-30.3605732131505));
#2258=CARTESIAN_POINT('',(10.739999999995,-18.5,-30.3605732131505));
#2259=CARTESIAN_POINT('',(10.739999999995,-8.25,-30.3605732131505));
#2260=CARTESIAN_POINT('Origin',(20.6906397350085,-16.4999999999999,-19.1855732131665));
#2261=CARTESIAN_POINT('',(11.9412794700253,-16.5,-12.2336439878438));
#2262=CARTESIAN_POINT('Origin',(20.6906397350085,-16.4999999999999,-19.1855732131665));
#2263=CARTESIAN_POINT('',(11.9412794700253,-18.5,-12.2336439878438));
#2264=CARTESIAN_POINT('Origin',(20.6906397350085,-18.4999999999999,-19.1855732131665));
#2265=CARTESIAN_POINT('',(11.9412794700253,-16.5,-12.2336439878438));
#2266=CARTESIAN_POINT('Origin',(11.941279470035,-16.5,-26.1375024384495));
#2267=CARTESIAN_POINT('',(11.941279470035,-16.5,-26.1375024384495));
#2268=CARTESIAN_POINT('',(11.941279470035,-18.5,-26.1375024384495));
#2269=CARTESIAN_POINT('Origin',(15.7153198675049,-16.5,-19.1855732131504));
#2270=CARTESIAN_POINT('',(10.739999999995,-16.5,-24.8480732131505));
#2271=CARTESIAN_POINT('Origin',(10.739999999995,1.73549399148623E-29,-30.5105732131505));
#2272=CARTESIAN_POINT('',(10.739999999995,-18.5,-30.5105732131505));
#2273=CARTESIAN_POINT('',(10.739999999995,-18.5,-24.8855732131505));
#2274=CARTESIAN_POINT('',(10.739999999995,2.,-30.5105732131505));
#2275=CARTESIAN_POINT('',(10.739999999995,1.73549399148623E-29,-30.5105732131505));
#2276=CARTESIAN_POINT('',(10.739999999995,2.,-30.5105732131505));
#2277=CARTESIAN_POINT('',(10.739999999995,0.0896875271261255,-19.2465732131505));
#2278=CARTESIAN_POINT('Origin',(10.739999999995,-1.92531247287387,-19.2465732131505));
#2279=CARTESIAN_POINT('Origin',(32.739999999995,-13.,-38.5105732131505));
#2280=CARTESIAN_POINT('',(33.739999999995,-16.2603563636488,-38.5105732131505));
#2281=CARTESIAN_POINT('',(32.739999999995,-16.2603563636488,-38.5105732131505));
#2282=CARTESIAN_POINT('',(32.239999999995,-16.2603563636488,-38.5105732131505));
#2283=CARTESIAN_POINT('',(33.739999999995,-0.239643636358573,-38.5105732131505));
#2284=CARTESIAN_POINT('',(33.739999999995,-13.,-38.5105732131505));
#2285=CARTESIAN_POINT('',(32.739999999995,-0.239643636358574,-38.5105732131505));
#2286=CARTESIAN_POINT('',(32.239999999995,-0.239643636358573,-38.5105732131505));
#2287=CARTESIAN_POINT('',(32.739999999995,-6.5,-38.5105732131505));
#2288=CARTESIAN_POINT('Origin',(31.739999999995,-16.7125622459912,-40.0105732131496));
#2289=CARTESIAN_POINT('',(32.739999999995,-8.25,-11.9396350313156));
#2290=CARTESIAN_POINT('',(32.739999999995,-11.5947098117604,-23.0342822114123));
#2291=CARTESIAN_POINT('',(33.739999999995,-8.25,-11.9396350313156));
#2292=CARTESIAN_POINT('',(31.739999999995,-8.25,-11.9396350313156));
#2293=CARTESIAN_POINT('',(33.739999999995,-16.7125622459912,-40.0105732131496));
#2294=CARTESIAN_POINT('Origin',(32.739999999995,-1.93073706552825E-28,-8.01057321315053));
#2295=CARTESIAN_POINT('',(32.739999999995,-8.44924167859662,-11.2787358047511));
#2296=CARTESIAN_POINT('Origin',(31.739999999995,-8.25,-6.74283866769179));
#2297=CARTESIAN_POINT('',(33.739999999995,-8.72871894605353,-6.59851898542565));
#2298=CARTESIAN_POINT('',(33.739999999995,-7.77128105394647,-6.59851898542566));
#2299=CARTESIAN_POINT('Origin',(33.739999999995,-8.25,-6.74283866769179));
#2300=CARTESIAN_POINT('',(32.739999999995,-7.77128105394647,-6.59851898542565));
#2301=CARTESIAN_POINT('',(31.739999999995,-7.77128105394647,-6.59851898542565));
#2302=CARTESIAN_POINT('',(32.739999999995,-8.72871894605353,-6.59851898542565));
#2303=CARTESIAN_POINT('Origin',(32.739999999995,-8.25,-6.74283866769179));
#2304=CARTESIAN_POINT('',(31.739999999995,-8.72871894605353,-6.59851898542565));
#2305=CARTESIAN_POINT('Origin',(31.739999999995,-8.25,-5.01057321315053));
#2306=CARTESIAN_POINT('',(32.739999999995,-18.5,-39.0105732131505));
#2307=CARTESIAN_POINT('',(32.739999999995,-8.32086658076027,-5.24564284689192));
#2308=CARTESIAN_POINT('',(33.739999999995,-18.5,-39.0105732131505));
#2309=CARTESIAN_POINT('',(21.739999999995,-18.5,-39.0105732131505));
#2310=CARTESIAN_POINT('',(33.739999999995,-8.25,-5.01057321315053));
#2311=CARTESIAN_POINT('Origin',(1.73999999999504,-3.5,-27.4063614895618));
#2312=CARTESIAN_POINT('Ctrl Pts',(0.194794197662144,-3.4998301909902,-28.6563614895618));
#2313=CARTESIAN_POINT('Ctrl Pts',(0.194765645408013,-3.48628542832663,-28.6570629069573));
#2314=CARTESIAN_POINT('Ctrl Pts',(0.200935330018828,-2.97602353606136,-28.6834880392334));
#2315=CARTESIAN_POINT('Ctrl Pts',(0.757916101306358,-1.9830884572984,-28.73563688639));
#2316=CARTESIAN_POINT('Ctrl Pts',(2.43562291181268,-1.8323496751884,-28.8128080310318));
#2317=CARTESIAN_POINT('Ctrl Pts',(3.50881096603454,-3.13059910245574,-28.8899791756736));
#2318=CARTESIAN_POINT('Ctrl Pts',(3.04489865786632,-4.74996608034888,-28.9671503203153));
#2319=CARTESIAN_POINT('Ctrl Pts',(1.44701588515113,-5.28305109820457,-29.0443214649571));
#2320=CARTESIAN_POINT('Ctrl Pts',(0.349184582342287,-4.45239065207126,-29.1073918547059));
#2321=CARTESIAN_POINT('Ctrl Pts',(0.198640322936414,-3.72645939285276,-29.1447385295741));
#2322=CARTESIAN_POINT('Ctrl Pts',(0.19912021483888,-3.50034709232502,-29.1563614895618));
#2323=CARTESIAN_POINT('Ctrl Pts',(0.198760941330508,-3.50133604087957,-28.6147849367393));
#2324=CARTESIAN_POINT('Ctrl Pts',(0.200623319316141,-3.17657528392308,-28.6314951253042));
#2325=CARTESIAN_POINT('Ctrl Pts',(0.456029649987914,-2.34825129057858,-28.6739290287497));
#2326=CARTESIAN_POINT('Ctrl Pts',(1.79255416315148,-1.69415311559274,-28.7420866470758));
#2327=CARTESIAN_POINT('Ctrl Pts',(3.25907912604317,-2.52151008277634,-28.8192577917176));
#2328=CARTESIAN_POINT('Ctrl Pts',(3.40605108643649,-4.19984505906041,-28.8964289363594));
#2329=CARTESIAN_POINT('Ctrl Pts',(2.10494487986907,-5.26967901055423,-28.9736000810011));
#2330=CARTESIAN_POINT('Ctrl Pts',(0.578793761905494,-4.82840431505079,-29.0463854144611));
#2331=CARTESIAN_POINT('Ctrl Pts',(0.199477673322068,-3.91195406309075,-29.0934470330405));
#2332=CARTESIAN_POINT('Ctrl Pts',(0.196127381009925,-3.49890151630399,-29.1147849367393));
#2333=CARTESIAN_POINT('Ctrl Pts',(2.69811615271739,-2.67478870106347,-28.5105732131505));
#2334=CARTESIAN_POINT('Ctrl Pts',(2.96486878707101,-2.9845033257721,-28.5362969280311));
#2335=CARTESIAN_POINT('Ctrl Pts',(3.17142536444752,-3.87728439689771,-28.5877443577923));
#2336=CARTESIAN_POINT('Ctrl Pts',(2.23708356004297,-4.89569919834253,-28.664915502434));
#2337=CARTESIAN_POINT('Ctrl Pts',(0.870568872813347,-4.69835873208656,-28.7420866470758));
#2338=CARTESIAN_POINT('Ctrl Pts',(0.259709164454788,-3.46103911628044,-28.8192577917176));
#2339=CARTESIAN_POINT('Ctrl Pts',(0.935174925535004,-2.25687968519366,-28.8964289363593));
#2340=CARTESIAN_POINT('Ctrl Pts',(2.31006816071662,-2.13334812979632,-28.9736000810011));
#2341=CARTESIAN_POINT('Ctrl Pts',(3.18955376963661,-3.19727321131256,-29.0507712256428));
#2342=CARTESIAN_POINT('Ctrl Pts',(2.80937417554801,-4.52435651886011,-29.1279423702847));
#2343=CARTESIAN_POINT('Ctrl Pts',(1.49989733426586,-4.96122366408275,-29.2051135149264));
#2344=CARTESIAN_POINT('Ctrl Pts',(0.39907319432243,-4.12829872483191,-29.2822846595682));
#2345=CARTESIAN_POINT('Ctrl Pts',(0.463522932187601,-2.74936707253048,-29.3594558042099));
#2346=CARTESIAN_POINT('Ctrl Pts',(1.63724068961782,-2.02274599554698,-29.4366269488517));
#2347=CARTESIAN_POINT('Ctrl Pts',(2.90025668133042,-2.5798664598768,-29.5137980934934));
#2348=CARTESIAN_POINT('Ctrl Pts',(3.15500180260259,-3.93659049819563,-29.5909692381352));
#2349=CARTESIAN_POINT('Ctrl Pts',(2.18009995967106,-4.91391418542153,-29.668140382777));
#2350=CARTESIAN_POINT('Ctrl Pts',(0.822749037362662,-4.66253582357349,-29.7453115274187));
#2351=CARTESIAN_POINT('Ctrl Pts',(0.262493928070163,-3.40090759935871,-29.8224826720605));
#2352=CARTESIAN_POINT('Ctrl Pts',(0.986205351233861,-2.22538726928696,-29.8996538167022));
#2353=CARTESIAN_POINT('Ctrl Pts',(2.36496281297583,-2.15752267469547,-29.976824961344));
#2354=CARTESIAN_POINT('Ctrl Pts',(3.20063682470555,-3.25626352064087,-30.0539961059857));
#2355=CARTESIAN_POINT('Ctrl Pts',(2.76697990669299,-4.56684671387682,-30.1311672506275));
#2356=CARTESIAN_POINT('Ctrl Pts',(1.44092493795908,-4.95026519970242,-30.2083383952693));
#2357=CARTESIAN_POINT('Ctrl Pts',(0.374658687011614,-4.07352821781017,-30.285509539911));
#2358=CARTESIAN_POINT('Ctrl Pts',(0.49510329546187,-2.69812026881389,-30.3626806845528));
#2359=CARTESIAN_POINT('Ctrl Pts',(1.69693146690012,-2.02009485535809,-30.4398518291945));
#2360=CARTESIAN_POINT('Ctrl Pts',(2.93707055626023,-2.62702210724047,-30.5170229738363));
#2361=CARTESIAN_POINT('Ctrl Pts',(3.13515422981189,-3.99484014101987,-30.5941941184781));
#2362=CARTESIAN_POINT('Ctrl Pts',(2.46147128164152,-4.61602847474981,-30.6456415482393));
#2363=CARTESIAN_POINT('Ctrl Pts',(2.06658506352615,-4.72159831625554,-30.6713652631198));
#2364=CARTESIAN_POINT('Ctrl Pts',(2.76845629995165,-2.61420577058928,-28.4569758631608));
#2365=CARTESIAN_POINT('Ctrl Pts',(3.05479259284422,-2.94665811059549,-28.4826995780413));
#2366=CARTESIAN_POINT('Ctrl Pts',(3.27651353210273,-3.90498275053842,-28.5341470078025));
#2367=CARTESIAN_POINT('Ctrl Pts',(2.27357697548342,-4.99816452765277,-28.6113181524443));
#2368=CARTESIAN_POINT('Ctrl Pts',(0.806739541346339,-4.78633630079253,-28.6884892970861));
#2369=CARTESIAN_POINT('Ctrl Pts',(0.151033535695606,-3.45817880097376,-28.7656604417278));
#2370=CARTESIAN_POINT('Ctrl Pts',(0.876088650792121,-2.16561594256191,-28.8428315863696));
#2371=CARTESIAN_POINT('Ctrl Pts',(2.35191974441531,-2.03301531159368,-28.9200027310113));
#2372=CARTESIAN_POINT('Ctrl Pts',(3.29597283510258,-3.17504850836029,-28.9971738756531));
#2373=CARTESIAN_POINT('Ctrl Pts',(2.88788233632078,-4.59955970602303,-29.0743450202948));
#2374=CARTESIAN_POINT('Ctrl Pts',(1.48227018456095,-5.06849947545669,-29.1515161649366));
#2375=CARTESIAN_POINT('Ctrl Pts',(0.300628983071653,-4.17442530842639,-29.2286873095784));
#2376=CARTESIAN_POINT('Ctrl Pts',(0.369810301797628,-2.6942593170803,-29.3058584542201));
#2377=CARTESIAN_POINT('Ctrl Pts',(1.62969660949654,-1.91429331590017,-29.3830295988619));
#2378=CARTESIAN_POINT('Ctrl Pts',(2.9854369859968,-2.51231480812399,-29.4602007435036));
#2379=CARTESIAN_POINT('Ctrl Pts',(3.25888423360988,-3.96864281235076,-29.5373718881454));
#2380=CARTESIAN_POINT('Ctrl Pts',(2.21240992112349,-5.01771676895649,-29.6145430327872));
#2381=CARTESIAN_POINT('Ctrl Pts',(0.755409010186406,-4.74788345158593,-29.6917141774289));
#2382=CARTESIAN_POINT('Ctrl Pts',(0.154022742876788,-3.39363272560661,-29.7688853220707));
#2383=CARTESIAN_POINT('Ctrl Pts',(0.930865477850444,-2.13181150930183,-29.8460564667125));
#2384=CARTESIAN_POINT('Ctrl Pts',(2.41084449042809,-2.05896463196519,-29.9232276113542));
#2385=CARTESIAN_POINT('Ctrl Pts',(3.30786955323642,-3.23836959431913,-30.000398755996));
#2386=CARTESIAN_POINT('Ctrl Pts',(2.84237569001061,-4.64516932091905,-30.0775699006377));
#2387=CARTESIAN_POINT('Ctrl Pts',(1.41896832670904,-5.05673649484335,-30.1547410452795));
#2388=CARTESIAN_POINT('Ctrl Pts',(0.274422083435528,-4.11563382178016,-30.2319121899213));
#2389=CARTESIAN_POINT('Ctrl Pts',(0.403709139085836,-2.63925022660081,-30.309083334563));
#2390=CARTESIAN_POINT('Ctrl Pts',(1.69376958830069,-1.91144754211629,-30.3862544792048));
#2391=CARTESIAN_POINT('Ctrl Pts',(3.02495355347121,-2.56293238979391,-30.4634256238465));
#2392=CARTESIAN_POINT('Ctrl Pts',(3.23757955022944,-4.03116885573557,-30.5405967684883));
#2393=CARTESIAN_POINT('Ctrl Pts',(2.51443813334537,-4.69796176332707,-30.5920441982495));
#2394=CARTESIAN_POINT('Ctrl Pts',(2.0905613229682,-4.8112820202432,-30.6177679131301));
#2395=CARTESIAN_POINT('Ctrl Pts',(2.83879644718591,-2.5536228401151,-28.403378513171));
#2396=CARTESIAN_POINT('Ctrl Pts',(3.14471639861743,-2.90881289541888,-28.4291022280516));
#2397=CARTESIAN_POINT('Ctrl Pts',(3.38160169975793,-3.93268110417913,-28.4805496578127));
#2398=CARTESIAN_POINT('Ctrl Pts',(2.31007039092387,-5.10062985696301,-28.5577208024545));
#2399=CARTESIAN_POINT('Ctrl Pts',(0.742910209879329,-4.87431386949851,-28.6348919470963));
#2400=CARTESIAN_POINT('Ctrl Pts',(0.0423579069364239,-3.45531848566708,
-28.712063091738));
#2401=CARTESIAN_POINT('Ctrl Pts',(0.81700237604924,-2.07435219993016,-28.7892342363798));
#2402=CARTESIAN_POINT('Ctrl Pts',(2.393771328114,-1.93268249339104,-28.8664053810216));
#2403=CARTESIAN_POINT('Ctrl Pts',(3.40239190056856,-3.15282380540801,-28.9435765256633));
#2404=CARTESIAN_POINT('Ctrl Pts',(2.96639049709355,-4.67476289318595,-29.0207476703051));
#2405=CARTESIAN_POINT('Ctrl Pts',(1.46464303485604,-5.17577528683063,-29.0979188149468));
#2406=CARTESIAN_POINT('Ctrl Pts',(0.202184771820876,-4.22055189202088,-29.1750899595886));
#2407=CARTESIAN_POINT('Ctrl Pts',(0.276097671407652,-2.63915156163012,-29.2522611042304));
#2408=CARTESIAN_POINT('Ctrl Pts',(1.62215252937527,-1.80584063625336,-29.3294322488721));
#2409=CARTESIAN_POINT('Ctrl Pts',(3.07061729066317,-2.44476315637117,-29.4066033935139));
#2410=CARTESIAN_POINT('Ctrl Pts',(3.36276666461719,-4.00069512650589,-29.4837745381556));
#2411=CARTESIAN_POINT('Ctrl Pts',(2.24471988257591,-5.12151935249145,-29.5609456827974));
#2412=CARTESIAN_POINT('Ctrl Pts',(0.688068983010156,-4.83323107959838,-29.6381168274392));
#2413=CARTESIAN_POINT('Ctrl Pts',(0.0455515576834088,-3.38635785185451,
-29.7152879720809));
#2414=CARTESIAN_POINT('Ctrl Pts',(0.87552560446703,-2.0382357493167,-29.7924591167227));
#2415=CARTESIAN_POINT('Ctrl Pts',(2.45672616788035,-1.96040658923491,-29.8696302613645));
#2416=CARTESIAN_POINT('Ctrl Pts',(3.4151022817673,-3.22047566799738,-29.9468014060062));
#2417=CARTESIAN_POINT('Ctrl Pts',(2.91777147332822,-4.72349192796128,-30.023972550648));
#2418=CARTESIAN_POINT('Ctrl Pts',(1.39701171545901,-5.16320778998428,-30.1011436952897));
#2419=CARTESIAN_POINT('Ctrl Pts',(0.174185479859442,-4.15773942575014,-30.1783148399315));
#2420=CARTESIAN_POINT('Ctrl Pts',(0.312314982709801,-2.58038018438772,-30.2554859845733));
#2421=CARTESIAN_POINT('Ctrl Pts',(1.69060770970126,-1.80280022887449,-30.332657129215));
#2422=CARTESIAN_POINT('Ctrl Pts',(3.11283655068219,-2.49884267234735,-30.4098282738568));
#2423=CARTESIAN_POINT('Ctrl Pts',(3.34000487064699,-4.06749757045128,-30.4869994184985));
#2424=CARTESIAN_POINT('Ctrl Pts',(2.56740498504922,-4.77989505190432,-30.5384468482597));
#2425=CARTESIAN_POINT('Ctrl Pts',(2.11453758241025,-4.90096572423085,-30.5641705631403));
#2426=CARTESIAN_POINT('Ctrl Pts',(2.90913659442018,-2.49303990964091,-28.3497811631812));
#2427=CARTESIAN_POINT('Ctrl Pts',(3.23464020439063,-2.87096768024227,-28.3755048780618));
#2428=CARTESIAN_POINT('Ctrl Pts',(3.48668986741314,-3.96037945781983,-28.426952307823));
#2429=CARTESIAN_POINT('Ctrl Pts',(2.34656380636432,-5.20309518627325,-28.5041234524647));
#2430=CARTESIAN_POINT('Ctrl Pts',(0.679080878412318,-4.96229143820448,-28.5812945971065));
#2431=CARTESIAN_POINT('Ctrl Pts',(-0.0663177218227575,-3.4524581703604,
-28.6584657417483));
#2432=CARTESIAN_POINT('Ctrl Pts',(0.757916101306358,-1.9830884572984,-28.73563688639));
#2433=CARTESIAN_POINT('Ctrl Pts',(2.43562291181268,-1.8323496751884,-28.8128080310318));
#2434=CARTESIAN_POINT('Ctrl Pts',(3.50881096603454,-3.13059910245574,-28.8899791756736));
#2435=CARTESIAN_POINT('Ctrl Pts',(3.04489865786632,-4.74996608034888,-28.9671503203153));
#2436=CARTESIAN_POINT('Ctrl Pts',(1.44701588515113,-5.28305109820457,-29.0443214649571));
#2437=CARTESIAN_POINT('Ctrl Pts',(0.103740560570101,-4.26667847561537,-29.1214926095988));
#2438=CARTESIAN_POINT('Ctrl Pts',(0.182385041017677,-2.58404380617994,-29.1986637542406));
#2439=CARTESIAN_POINT('Ctrl Pts',(1.61460844925399,-1.69738795660655,-29.2758348988824));
#2440=CARTESIAN_POINT('Ctrl Pts',(3.15579759532955,-2.37721150461836,-29.3530060435241));
#2441=CARTESIAN_POINT('Ctrl Pts',(3.46664909562449,-4.03274744066101,-29.4301771881659));
#2442=CARTESIAN_POINT('Ctrl Pts',(2.27702984402833,-5.22532193602643,-29.5073483328076));
#2443=CARTESIAN_POINT('Ctrl Pts',(0.620728955833901,-4.91857870761083,-29.5845194774494));
#2444=CARTESIAN_POINT('Ctrl Pts',(-0.0629196275099681,-3.37908297810241,
-29.6616906220912));
#2445=CARTESIAN_POINT('Ctrl Pts',(0.820185731083615,-1.94465998933158,-29.7388617667329));
#2446=CARTESIAN_POINT('Ctrl Pts',(2.50260784533261,-1.86184854650463,-29.8160329113747));
#2447=CARTESIAN_POINT('Ctrl Pts',(3.52233501029818,-3.20258174167564,-29.8932040560164));
#2448=CARTESIAN_POINT('Ctrl Pts',(2.99316725664584,-4.80181453500351,-29.9703752006582));
#2449=CARTESIAN_POINT('Ctrl Pts',(1.37505510420897,-5.26967908512521,-30.0475463452999));
#2450=CARTESIAN_POINT('Ctrl Pts',(0.073948876283356,-4.19984502972013,-30.1247174899418));
#2451=CARTESIAN_POINT('Ctrl Pts',(0.220920826333767,-2.52151014217463,-30.2018886345835));
#2452=CARTESIAN_POINT('Ctrl Pts',(1.68744583110183,-1.69415291563269,-30.2790597792253));
#2453=CARTESIAN_POINT('Ctrl Pts',(3.20071954789317,-2.43475295490079,-30.356230923867));
#2454=CARTESIAN_POINT('Ctrl Pts',(3.44243019106455,-4.10382628516699,-30.4334020685088));
#2455=CARTESIAN_POINT('Ctrl Pts',(2.62037183675306,-4.86182834048158,-30.4848494982699));
#2456=CARTESIAN_POINT('Ctrl Pts',(2.1385138418523,-4.99064942821851,-30.5105732131505));
#2457=CARTESIAN_POINT('Ctrl Pts',(2.1385138418523,-4.99064942821851,-30.5105732131505));
#2458=CARTESIAN_POINT('Ctrl Pts',(2.19501651977681,-4.97000358226355,-30.5105732131505));
#2459=CARTESIAN_POINT('Ctrl Pts',(2.25001238932015,-4.94587045010698,-30.5105732131505));
#2460=CARTESIAN_POINT('Ctrl Pts',(2.30331083226499,-4.91853296532621,-30.5105732131505));
#2461=CARTESIAN_POINT('Ctrl Pts',(2.35715753046641,-4.890914273086,-30.5105732131505));
#2462=CARTESIAN_POINT('Ctrl Pts',(2.40927246250676,-4.86002408911204,-30.5105732131505));
#2463=CARTESIAN_POINT('Ctrl Pts',(2.45942759059717,-4.82610975879567,-30.5105732131505));
#2464=CARTESIAN_POINT('Ctrl Pts',(2.49659710172716,-4.80097615578926,-30.5105732131505));
#2465=CARTESIAN_POINT('Ctrl Pts',(2.53268965852221,-4.77418065553691,-30.5105732131505));
#2466=CARTESIAN_POINT('Ctrl Pts',(2.56759775340259,-4.74581274673489,-30.5105732131505));
#2467=CARTESIAN_POINT('Ctrl Pts',(2.58478502352861,-4.73184558773749,-30.5105732131505));
#2468=CARTESIAN_POINT('Ctrl Pts',(2.60168495093033,-4.71749713031422,-30.5105732131505));
#2469=CARTESIAN_POINT('Ctrl Pts',(2.61828338917035,-4.70277746975697,-30.5105732131505));
#2470=CARTESIAN_POINT('Ctrl Pts',(2.62590186320123,-4.69602133101204,-30.5105732131505));
#2471=CARTESIAN_POINT('Ctrl Pts',(2.63345856615027,-4.68918535983716,-30.5105732131505));
#2472=CARTESIAN_POINT('Ctrl Pts',(2.64094628223366,-4.68227586579667,-30.5105732131505));
#2473=CARTESIAN_POINT('Ctrl Pts',(2.68444959667369,-4.64213199702314,-30.5105732131505));
#2474=CARTESIAN_POINT('Ctrl Pts',(2.7255098668796,-4.59961998721558,-30.5105732131505));
#2475=CARTESIAN_POINT('Ctrl Pts',(2.76392148278814,-4.55497943953185,-30.5105732131505));
#2476=CARTESIAN_POINT('Ctrl Pts',(2.80165122662021,-4.51113133814915,-30.5105732131505));
#2477=CARTESIAN_POINT('Ctrl Pts',(2.83682599387589,-4.46522866344926,-30.5105732131505));
#2478=CARTESIAN_POINT('Ctrl Pts',(2.86920838337845,-4.41747395917707,-30.5105732131505));
#2479=CARTESIAN_POINT('Ctrl Pts',(2.89230274345399,-4.38341642504496,-30.5105732131505));
#2480=CARTESIAN_POINT('Ctrl Pts',(2.91397598183073,-4.34841638138162,-30.5105732131505));
#2481=CARTESIAN_POINT('Ctrl Pts',(2.93412638084484,-4.31254327824562,-30.5105732131505));
#2482=CARTESIAN_POINT('Ctrl Pts',(2.94689123091788,-4.28981842883371,-30.5105732131505));
#2483=CARTESIAN_POINT('Ctrl Pts',(2.9590447034173,-4.26674317052989,-30.5105732131505));
#2484=CARTESIAN_POINT('Ctrl Pts',(2.97055790680278,-4.24333493151251,-30.5105732131505));
#2485=CARTESIAN_POINT('Ctrl Pts',(2.97512523850485,-4.23404879379965,-30.5105732131505));
#2486=CARTESIAN_POINT('Ctrl Pts',(2.97959175598632,-4.22471005663476,-30.5105732131505));
#2487=CARTESIAN_POINT('Ctrl Pts',(2.98394957804849,-4.21533340495506,-30.5105732131505));
#2488=CARTESIAN_POINT('Ctrl Pts',(3.00749082300037,-4.164680108223,-30.5105732131505));
#2489=CARTESIAN_POINT('Ctrl Pts',(3.02791241957884,-4.11282492115966,-30.5105732131505));
#2490=CARTESIAN_POINT('Ctrl Pts',(3.04500008563762,-4.05995662927818,-30.5105732131505));
#2491=CARTESIAN_POINT('Ctrl Pts',(3.05453679685529,-4.03045057324275,-30.5105732131505));
#2492=CARTESIAN_POINT('Ctrl Pts',(3.06303419894595,-4.00062868100501,-30.5105732131505));
#2493=CARTESIAN_POINT('Ctrl Pts',(3.07044802041978,-3.97052256568891,-30.5105732131505));
#2494=CARTESIAN_POINT('Ctrl Pts',(3.0833972363019,-3.91793826918592,-30.5105732131505));
#2495=CARTESIAN_POINT('Ctrl Pts',(3.09304292961206,-3.86448616534993,-30.5105732131505));
#2496=CARTESIAN_POINT('Ctrl Pts',(3.09943438610996,-3.81046302055384,-30.5105732131505));
#2497=CARTESIAN_POINT('Ctrl Pts',(3.10246685960101,-3.78483134261763,-30.5105732131505));
#2498=CARTESIAN_POINT('Ctrl Pts',(3.10476615604575,-3.75907123469916,-30.5105732131505));
#2499=CARTESIAN_POINT('Ctrl Pts',(3.10633434659474,-3.73321548705154,-30.5105732131505));
#2500=CARTESIAN_POINT('Ctrl Pts',(3.10723733915296,-3.71832727864589,-30.5105732131505));
#2501=CARTESIAN_POINT('Ctrl Pts',(3.10789789126107,-3.7034009081655,-30.5105732131505));
#2502=CARTESIAN_POINT('Ctrl Pts',(3.10831563838609,-3.6884783163441,-30.5105732131505));
#2503=CARTESIAN_POINT('Ctrl Pts',(3.10987485548281,-3.63278060138264,-30.5105732131505));
#2504=CARTESIAN_POINT('Ctrl Pts',(3.10806316381091,-3.5770604025303,-30.5105732131505));
#2505=CARTESIAN_POINT('Ctrl Pts',(3.1029738935587,-3.52163646450865,-30.5105732131505));
#2506=CARTESIAN_POINT('Ctrl Pts',(3.09789555611266,-3.46633158858069,-30.5105732131505));
#2507=CARTESIAN_POINT('Ctrl Pts',(3.08955327393136,-3.41132056503663,-30.5105732131505));
#2508=CARTESIAN_POINT('Ctrl Pts',(3.07799076973681,-3.35693549091574,-30.5105732131505));
#2509=CARTESIAN_POINT('Ctrl Pts',(3.07037739992193,-3.32112545576027,-30.5105732131505));
#2510=CARTESIAN_POINT('Ctrl Pts',(3.06136687974385,-3.28558715812731,-30.5105732131505));
#2511=CARTESIAN_POINT('Ctrl Pts',(3.05096139276168,-3.25042263092522,-30.5105732131505));
#2512=CARTESIAN_POINT('Ctrl Pts',(3.04517398211718,-3.23086453053194,-30.5105732131505));
#2513=CARTESIAN_POINT('Ctrl Pts',(3.03895490544619,-3.21142217399414,-30.5105732131505));
#2514=CARTESIAN_POINT('Ctrl Pts',(3.03230354347616,-3.19211416521853,-30.5105732131505));
#2515=CARTESIAN_POINT('Ctrl Pts',(3.02860793948578,-3.18138632412393,-30.5105732131505));
#2516=CARTESIAN_POINT('Ctrl Pts',(3.0247819838235,-3.17070905644439,-30.5105732131505));
#2517=CARTESIAN_POINT('Ctrl Pts',(3.02082690142817,-3.16008729425323,-30.5105732131505));
#2518=CARTESIAN_POINT('Ctrl Pts',(3.00217047669426,-3.10998363343065,-30.5105732131505));
#2519=CARTESIAN_POINT('Ctrl Pts',(2.98063873125094,-3.0610972110594,-30.5105732131505));
#2520=CARTESIAN_POINT('Ctrl Pts',(2.95626019870523,-3.0137431883602,-30.5105732131505));
#2521=CARTESIAN_POINT('Ctrl Pts',(2.94286546321585,-2.98772461619125,-30.5105732131505));
#2522=CARTESIAN_POINT('Ctrl Pts',(2.92861060776765,-2.96216920037018,-30.5105732131505));
#2523=CARTESIAN_POINT('Ctrl Pts',(2.91349566970303,-2.9371341135152,-30.5105732131505));
#2524=CARTESIAN_POINT('Ctrl Pts',(2.90685642682169,-2.926137441119,-30.5105732131505));
#2525=CARTESIAN_POINT('Ctrl Pts',(2.90005003158678,-2.91523941552454,-30.5105732131505));
#2526=CARTESIAN_POINT('Ctrl Pts',(2.89308003728463,-2.90445089689664,-30.5105732131505));
#2527=CARTESIAN_POINT('Ctrl Pts',(2.86514300148104,-2.86120850413277,-30.5105732131505));
#2528=CARTESIAN_POINT('Ctrl Pts',(2.83464024444563,-2.81981315085028,-30.5105732131505));
#2529=CARTESIAN_POINT('Ctrl Pts',(2.80158746736573,-2.78056607618419,-30.5105732131505));
#2530=CARTESIAN_POINT('Ctrl Pts',(2.79208144939915,-2.7692785708708,-30.5105732131505));
#2531=CARTESIAN_POINT('Ctrl Pts',(2.78236429938079,-2.75816900982388,-30.5105732131505));
#2532=CARTESIAN_POINT('Ctrl Pts',(2.77243590487694,-2.74724521073122,-30.5105732131505));
#2533=CARTESIAN_POINT('Ctrl Pts',(2.74932652054618,-2.72181891733743,-30.5105732131505));
#2534=CARTESIAN_POINT('Ctrl Pts',(2.72507283266467,-2.6973984612829,-30.5105732131505));
#2535=CARTESIAN_POINT('Ctrl Pts',(2.6997588715932,-2.67402370607171,-30.5105732131505));
#2536=CARTESIAN_POINT('Ctrl Pts',(2.69811615271739,-2.67478870106347,-28.5105732131505));
#2537=CARTESIAN_POINT('Ctrl Pts',(2.73501169363262,-2.70924423286324,-28.5105732131505));
#2538=CARTESIAN_POINT('Ctrl Pts',(2.76953511729779,-2.74593686264156,-28.5105732131505));
#2539=CARTESIAN_POINT('Ctrl Pts',(2.80168122537253,-2.78454722604824,-28.5105732131505));
#2540=CARTESIAN_POINT('Ctrl Pts',(2.83525309571807,-2.82487005801502,-28.5105732131505));
#2541=CARTESIAN_POINT('Ctrl Pts',(2.86623271903311,-2.86728496806069,-28.5105732131505));
#2542=CARTESIAN_POINT('Ctrl Pts',(2.89458635283351,-2.9114778220317,-28.5105732131505));
#2543=CARTESIAN_POINT('Ctrl Pts',(2.91679453853994,-2.94609218979825,-28.5105732131505));
#2544=CARTESIAN_POINT('Ctrl Pts',(2.93739121734477,-2.98179845993734,-28.5105732131505));
#2545=CARTESIAN_POINT('Ctrl Pts',(2.95634525896801,-3.01846222922407,-28.5105732131505));
#2546=CARTESIAN_POINT('Ctrl Pts',(2.96349470595962,-3.03229176913109,-28.5105732131505));
#2547=CARTESIAN_POINT('Ctrl Pts',(2.97041029415456,-3.04625766533474,-28.5105732131505));
#2548=CARTESIAN_POINT('Ctrl Pts',(2.97708979892195,-3.06035311051226,-28.5105732131505));
#2549=CARTESIAN_POINT('Ctrl Pts',(2.98299973227581,-3.07282456528221,-28.5105732131505));
#2550=CARTESIAN_POINT('Ctrl Pts',(2.98872690671762,-3.08540255556765,-28.5105732131505));
#2551=CARTESIAN_POINT('Ctrl Pts',(2.99425706828911,-3.09805269688553,-28.5105732131505));
#2552=CARTESIAN_POINT('Ctrl Pts',(3.0160626824564,-3.14793263206888,-28.5105732131505));
#2553=CARTESIAN_POINT('Ctrl Pts',(3.03484468909942,-3.19900275219478,-28.5105732131505));
#2554=CARTESIAN_POINT('Ctrl Pts',(3.05057185236766,-3.25093278681456,-28.5105732131505));
#2555=CARTESIAN_POINT('Ctrl Pts',(3.0665885687169,-3.30381890621987,-28.5105732131505));
#2556=CARTESIAN_POINT('Ctrl Pts',(3.07943752762695,-3.35759781773465,-28.5105732131505));
#2557=CARTESIAN_POINT('Ctrl Pts',(3.08904500025067,-3.41195515064262,-28.5105732131505));
#2558=CARTESIAN_POINT('Ctrl Pts',(3.09555594352868,-3.44879288364163,-28.5105732131505));
#2559=CARTESIAN_POINT('Ctrl Pts',(3.10057731286643,-3.48589698500249,-28.5105732131505));
#2560=CARTESIAN_POINT('Ctrl Pts',(3.10407364751616,-3.52317494294627,-28.5105732131505));
#2561=CARTESIAN_POINT('Ctrl Pts',(3.10546650572998,-3.53802561232387,-28.5105732131505));
#2562=CARTESIAN_POINT('Ctrl Pts',(3.1066172144782,-3.55290390490094,-28.5105732131505));
#2563=CARTESIAN_POINT('Ctrl Pts',(3.10752303687796,-3.56780406250227,-28.5105732131505));
#2564=CARTESIAN_POINT('Ctrl Pts',(3.10824822526997,-3.57973291448751,-28.5105732131505));
#2565=CARTESIAN_POINT('Ctrl Pts',(3.10881637952211,-3.59167788036714,-28.5105732131505));
#2566=CARTESIAN_POINT('Ctrl Pts',(3.10922561615545,-3.60361346307336,-28.5105732131505));
#2567=CARTESIAN_POINT('Ctrl Pts',(3.11117249021141,-3.6603949787542,-28.5105732131505));
#2568=CARTESIAN_POINT('Ctrl Pts',(3.10953459809987,-3.71707198154507,-28.5105732131505));
#2569=CARTESIAN_POINT('Ctrl Pts',(3.10424973586549,-3.77331296127379,-28.5105732131505));
#2570=CARTESIAN_POINT('Ctrl Pts',(3.10158371633887,-3.80168447665175,-28.5105732131505));
#2571=CARTESIAN_POINT('Ctrl Pts',(3.09798887806828,-3.82994542887726,-28.5105732131505));
#2572=CARTESIAN_POINT('Ctrl Pts',(3.09345248073028,-3.85805493849776,-28.5105732131505));
#2573=CARTESIAN_POINT('Ctrl Pts',(3.08471258512707,-3.91221116892367,-28.5105732131505));
#2574=CARTESIAN_POINT('Ctrl Pts',(3.07248112481699,-3.96580553948245,-28.5105732131505));
#2575=CARTESIAN_POINT('Ctrl Pts',(3.05698301517156,-4.01862906320782,-28.5105732131505));
#2576=CARTESIAN_POINT('Ctrl Pts',(3.04840999611593,-4.04784921236435,-28.5105732131505));
#2577=CARTESIAN_POINT('Ctrl Pts',(3.03883646235988,-4.07683348892034,-28.5105732131505));
#2578=CARTESIAN_POINT('Ctrl Pts',(3.02829392411606,-4.10554564456278,-28.5105732131505));
#2579=CARTESIAN_POINT('Ctrl Pts',(3.02518012831086,-4.11402593533621,-28.5105732131505));
#2580=CARTESIAN_POINT('Ctrl Pts',(3.02198244332733,-4.12248048555021,-28.5105732131505));
#2581=CARTESIAN_POINT('Ctrl Pts',(3.01870515609927,-4.13090003974199,-28.5105732131505));
#2582=CARTESIAN_POINT('Ctrl Pts',(2.99808820974992,-4.18386625386291,-28.5105732131505));
#2583=CARTESIAN_POINT('Ctrl Pts',(2.97429122744257,-4.23554160610028,-28.5105732131505));
#2584=CARTESIAN_POINT('Ctrl Pts',(2.94759030985731,-4.28570837876848,-28.5105732131505));
#2585=CARTESIAN_POINT('Ctrl Pts',(2.92027045314632,-4.33703803950286,-28.5105732131505));
#2586=CARTESIAN_POINT('Ctrl Pts',(2.88991014000822,-4.38678929588779,-28.5105732131505));
#2587=CARTESIAN_POINT('Ctrl Pts',(2.85675009601817,-4.43472357986413,-28.5105732131505));
#2588=CARTESIAN_POINT('Ctrl Pts',(2.83480271992069,-4.46644946535174,-28.5105732131505));
#2589=CARTESIAN_POINT('Ctrl Pts',(2.81162776021668,-4.49737927581369,-28.5105732131505));
#2590=CARTESIAN_POINT('Ctrl Pts',(2.78728340989062,-4.52743948450196,-28.5105732131505));
#2591=CARTESIAN_POINT('Ctrl Pts',(2.77390124183656,-4.54396367837114,-28.5105732131505));
#2592=CARTESIAN_POINT('Ctrl Pts',(2.76016556148248,-4.56022502501872,-28.5105732131505));
#2593=CARTESIAN_POINT('Ctrl Pts',(2.74608498713899,-4.576210621295,-28.5105732131505));
#2594=CARTESIAN_POINT('Ctrl Pts',(2.73695644278161,-4.58657420598462,-28.5105732131505));
#2595=CARTESIAN_POINT('Ctrl Pts',(2.72768116173007,-4.5968235657198,-28.5105732131505));
#2596=CARTESIAN_POINT('Ctrl Pts',(2.71827754166328,-4.60693825585328,-28.5105732131505));
#2597=CARTESIAN_POINT('Ctrl Pts',(2.67718043985776,-4.6511429820326,-28.5105732131505));
#2598=CARTESIAN_POINT('Ctrl Pts',(2.63357512440722,-4.69284834128347,-28.5105732131505));
#2599=CARTESIAN_POINT('Ctrl Pts',(2.58770766590765,-4.73179416726527,-28.5105732131505));
#2600=CARTESIAN_POINT('Ctrl Pts',(2.56245177810386,-4.75323881328663,-28.5105732131505));
#2601=CARTESIAN_POINT('Ctrl Pts',(2.53650916432802,-4.77384644755161,-28.5105732131505));
#2602=CARTESIAN_POINT('Ctrl Pts',(2.50991521125135,-4.79357001798381,-28.5105732131505));
#2603=CARTESIAN_POINT('Ctrl Pts',(2.49754455873989,-4.80274478923345,-28.5105732131505));
#2604=CARTESIAN_POINT('Ctrl Pts',(2.48503291625308,-4.81172822187339,-28.5105732131505));
#2605=CARTESIAN_POINT('Ctrl Pts',(2.4723835865486,-4.82051532735889,-28.5105732131505));
#2606=CARTESIAN_POINT('Ctrl Pts',(2.46268146225617,-4.82725509868138,-28.5105732131505));
#2607=CARTESIAN_POINT('Ctrl Pts',(2.45289920783926,-4.83387866194439,-28.5105732131505));
#2608=CARTESIAN_POINT('Ctrl Pts',(2.44304681241375,-4.84037843296327,-28.5105732131505));
#2609=CARTESIAN_POINT('Ctrl Pts',(2.3922880696984,-4.8738647264591,-28.5105732131505));
#2610=CARTESIAN_POINT('Ctrl Pts',(2.33961230108711,-4.90410905270128,-28.5105732131505));
#2611=CARTESIAN_POINT('Ctrl Pts',(2.28524745584625,-4.93083699872867,-28.5105732131505));
#2612=CARTESIAN_POINT('Ctrl Pts',(2.27519433989226,-4.93577951515514,-28.5105732131505));
#2613=CARTESIAN_POINT('Ctrl Pts',(2.265083359832,-4.94060169152105,-28.5105732131505));
#2614=CARTESIAN_POINT('Ctrl Pts',(2.2549158194927,-4.94530165095097,-28.5105732131505));
#2615=CARTESIAN_POINT('Ctrl Pts',(2.2172327072571,-4.96272072112824,-28.5105732131505));
#2616=CARTESIAN_POINT('Ctrl Pts',(2.17877318979747,-4.97846187768072,-28.5105732131505));
#2617=CARTESIAN_POINT('Ctrl Pts',(2.13964391003372,-4.99255006835395,-28.5105732131505));
#2618=CARTESIAN_POINT('Ctrl Pts',(0.477237531861556,-3.50028444474723,-29.3171535395311));
#2619=CARTESIAN_POINT('Ctrl Pts',(0.476844256870843,-3.68558516024777,-29.3055305795435));
#2620=CARTESIAN_POINT('Ctrl Pts',(0.515239896696658,-3.87073068009193,-29.2939076195558));
#2621=CARTESIAN_POINT('Ctrl Pts',(0.593285507290531,-4.03729760599015,-29.2822846595681));
#2622=CARTESIAN_POINT('Ctrl Pts',(0.766014574303575,-4.40594037124886,-29.2565609446876));
#2623=CARTESIAN_POINT('Ctrl Pts',(1.13295595428472,-4.6835820176658,-29.230837229807));
#2624=CARTESIAN_POINT('Ctrl Pts',(1.53467278448898,-4.74959165000383,-29.2051135149264));
#2625=CARTESIAN_POINT('Ctrl Pts',(1.93638961469324,-4.81560128234187,-29.1793898000458));
#2626=CARTESIAN_POINT('Ctrl Pts',(2.37288189512063,-4.66997890060099,-29.1536660851652));
#2627=CARTESIAN_POINT('Ctrl Pts',(2.65449130101575,-4.37598715847262,-29.1279423702846));
#2628=CARTESIAN_POINT('Ctrl Pts',(2.93610070691088,-4.08199541634426,-29.1022186554041));
#2629=CARTESIAN_POINT('Ctrl Pts',(3.06282723827374,-3.63963431382841,-29.0764949405234));
#2630=CARTESIAN_POINT('Ctrl Pts',(2.97960956913518,-3.24113291565112,-29.0507712256429));
#2631=CARTESIAN_POINT('Ctrl Pts',(2.89639189999662,-2.84263151747382,-29.0250475107623));
#2632=CARTESIAN_POINT('Ctrl Pts',(2.60323003035662,-2.48798982363507,-28.9993237958817));
#2633=CARTESIAN_POINT('Ctrl Pts',(2.22750022300635,-2.33125756928192,-28.9736000810011));
#2634=CARTESIAN_POINT('Ctrl Pts',(1.85177041565608,-2.17452531492877,-28.9478763661205));
#2635=CARTESIAN_POINT('Ctrl Pts',(1.39347267059554,-2.21570250006122,-28.9221526512399));
#2636=CARTESIAN_POINT('Ctrl Pts',(1.05174617121857,-2.4369843311419,-28.8964289363593));
#2637=CARTESIAN_POINT('Ctrl Pts',(0.710019671841598,-2.65826616222259,-28.8707052214787));
#2638=CARTESIAN_POINT('Ctrl Pts',(0.484864418148193,-3.05965263925152,-28.8449815065982));
#2639=CARTESIAN_POINT('Ctrl Pts',(0.474096742694584,-3.46656581373367,-28.8192577917176));
#2640=CARTESIAN_POINT('Ctrl Pts',(0.473803136778519,-3.47766125544413,-28.8185563743221));
#2641=CARTESIAN_POINT('Ctrl Pts',(0.473668929758295,-3.48876080629878,-28.8178549569266));
#2642=CARTESIAN_POINT('Ctrl Pts',(0.473692328543355,-3.49986084025088,-28.8171535395311));
#2643=CARTESIAN_POINT('Ctrl Pts',(1.34148615813783,-4.99064942821852,-28.5105732131505));
#2644=CARTESIAN_POINT('Ctrl Pts',(0.85962816323706,-4.86182834048161,-28.5362969280311));
#2645=CARTESIAN_POINT('Ctrl Pts',(0.0375697150893542,-4.1038268798047,-28.5877443577923));
#2646=CARTESIAN_POINT('Ctrl Pts',(0.279280532768464,-2.4347527156291,-28.6649155024341));
#2647=CARTESIAN_POINT('Ctrl Pts',(1.79255416315148,-1.69415311559274,-28.7420866470758));
#2648=CARTESIAN_POINT('Ctrl Pts',(3.25907912604317,-2.52151008277634,-28.8192577917176));
#2649=CARTESIAN_POINT('Ctrl Pts',(3.40605108643649,-4.19984505906041,-28.8964289363594));
#2650=CARTESIAN_POINT('Ctrl Pts',(2.10494487986907,-5.26967901055423,-28.9736000810011));
#2651=CARTESIAN_POINT('Ctrl Pts',(0.486832781305708,-4.80181451458168,-29.0507712256429));
#2652=CARTESIAN_POINT('Ctrl Pts',(-0.0423349647952073,-3.20258174168202,
-29.1279423702846));
#2653=CARTESIAN_POINT('Ctrl Pts',(0.977392176823598,-1.86184859507029,-29.2051135149264));
#2654=CARTESIAN_POINT('Ctrl Pts',(2.65981424314948,-1.94466002900415,-29.2822846595681));
#2655=CARTESIAN_POINT('Ctrl Pts',(3.54291957934813,-3.37908298258688,-29.3594558042099));
#2656=CARTESIAN_POINT('Ctrl Pts',(2.85927101364501,-4.91857866870168,-29.4366269488516));
#2657=CARTESIAN_POINT('Ctrl Pts',(1.20297017061291,-5.2253218896875,-29.5137980934934));
#2658=CARTESIAN_POINT('Ctrl Pts',(0.0133509509229406,-4.03274742629611,
-29.5909692381352));
#2659=CARTESIAN_POINT('Ctrl Pts',(0.324202442874081,-2.37721153464628,-29.668140382777));
#2660=CARTESIAN_POINT('Ctrl Pts',(1.86539154745236,-1.69738800594283,-29.7453115274187));
#2661=CARTESIAN_POINT('Ctrl Pts',(3.29761491666476,-2.58404382960605,-29.8224826720605));
#2662=CARTESIAN_POINT('Ctrl Pts',(3.37625939578744,-4.26667845735238,-29.8996538167022));
#2663=CARTESIAN_POINT('Ctrl Pts',(2.03298410578747,-5.28305104559249,-29.976824961344));
#2664=CARTESIAN_POINT('Ctrl Pts',(0.435101379720833,-4.74996605469958,-30.0539961059858));
#2665=CARTESIAN_POINT('Ctrl Pts',(-0.0288109231759344,-3.13059909793811,
-30.1311672506275));
#2666=CARTESIAN_POINT('Ctrl Pts',(1.04437711704837,-1.832349745761,-30.2083383952693));
#2667=CARTESIAN_POINT('Ctrl Pts',(2.72208385136099,-1.98308845405862,-30.285509539911));
#2668=CARTESIAN_POINT('Ctrl Pts',(3.54631771594504,-3.45245824625975,-30.3626806845528));
#2669=CARTESIAN_POINT('Ctrl Pts',(2.80091900417132,-4.96229127623948,-30.4398518291946));
#2670=CARTESIAN_POINT('Ctrl Pts',(1.13343639509004,-5.20309533849368,-30.5170229738363));
#2671=CARTESIAN_POINT('Ctrl Pts',(-0.00669027999349014,-3.96037901943107,
-30.5941941184781));
#2672=CARTESIAN_POINT('Ctrl Pts',(0.245359795599402,-2.87096768024235,-30.6456415482393));
#2673=CARTESIAN_POINT('Ctrl Pts',(0.570863405569837,-2.49303990964098,-30.6713652631198));
#2674=CARTESIAN_POINT('Ctrl Pts',(1.36546241757988,-4.90096572423087,-28.4569758631608));
#2675=CARTESIAN_POINT('Ctrl Pts',(0.912595014940904,-4.77989505190435,-28.4826995780413));
#2676=CARTESIAN_POINT('Ctrl Pts',(0.139995041152486,-4.0674981293131,-28.5341470078025));
#2677=CARTESIAN_POINT('Ctrl Pts',(0.367163525125905,-2.49884244747125,-28.6113181524443));
#2678=CARTESIAN_POINT('Ctrl Pts',(1.7893922848972,-1.80280041680411,-28.688489297086));
#2679=CARTESIAN_POINT('Ctrl Pts',(3.16768497253174,-2.58038012856307,-28.7656604417278));
#2680=CARTESIAN_POINT('Ctrl Pts',(3.30581448510274,-4.1577394533252,-28.8428315863696));
#2681=CARTESIAN_POINT('Ctrl Pts',(2.08298826957637,-5.1632077198998,-28.9200027310113));
#2682=CARTESIAN_POINT('Ctrl Pts',(0.562228562339404,-4.72349190876811,-28.9971738756531));
#2683=CARTESIAN_POINT('Ctrl Pts',(0.0648977609974226,-3.22047566800337,
-29.0743450202948));
#2684=CARTESIAN_POINT('Ctrl Pts',(1.02327385294225,-1.96040663487866,-29.1515161649366));
#2685=CARTESIAN_POINT('Ctrl Pts',(2.60447437131571,-2.03823578660241,-29.2286873095784));
#2686=CARTESIAN_POINT('Ctrl Pts',(3.43444839705177,-3.38635785606918,-29.3058584542201));
#2687=CARTESIAN_POINT('Ctrl Pts',(2.79193098830444,-4.83323104303018,-29.3830295988619));
#2688=CARTESIAN_POINT('Ctrl Pts',(1.23528013118386,-5.12151930894047,-29.4602007435036));
#2689=CARTESIAN_POINT('Ctrl Pts',(0.117233379129157,-4.00069511300523,-29.5373718881454));
#2690=CARTESIAN_POINT('Ctrl Pts',(0.409382745241373,-2.44476318459249,-29.6145430327872));
#2691=CARTESIAN_POINT('Ctrl Pts',(1.85784746752865,-1.80584068262136,-29.691714177429));
#2692=CARTESIAN_POINT('Ctrl Pts',(3.20390228882019,-2.63915158364682,-29.7688853220707));
#2693=CARTESIAN_POINT('Ctrl Pts',(3.27781518716178,-4.22055187485667,-29.8460564667124));
#2694=CARTESIAN_POINT('Ctrl Pts',(2.01535695662713,-5.17577523738391,-29.9232276113542));
#2695=CARTESIAN_POINT('Ctrl Pts',(0.513609538231604,-4.67476286907983,-30.000398755996));
#2696=CARTESIAN_POINT('Ctrl Pts',(0.0776081397108916,-3.15282380116218,
-30.0775699006378));
#2697=CARTESIAN_POINT('Ctrl Pts',(1.08622869901005,-1.9326825597177,-30.1547410452795));
#2698=CARTESIAN_POINT('Ctrl Pts',(2.66299757946524,-2.0743521968853,-30.2319121899213));
#2699=CARTESIAN_POINT('Ctrl Pts',(3.43764208753889,-3.45531855700001,-30.309083334563));
#2700=CARTESIAN_POINT('Ctrl Pts',(2.73708967976797,-4.874313717278,-30.3862544792048));
#2701=CARTESIAN_POINT('Ctrl Pts',(1.16992979840956,-5.10063000002523,-30.4634256238465));
#2702=CARTESIAN_POINT('Ctrl Pts',(0.0983979124836766,-3.93268069216567,
-30.5405967684883));
#2703=CARTESIAN_POINT('Ctrl Pts',(0.335283601372611,-2.90881289541896,-30.5920441982495));
#2704=CARTESIAN_POINT('Ctrl Pts',(0.641203552804103,-2.55362284011516,-30.6177679131301));
#2705=CARTESIAN_POINT('Ctrl Pts',(1.38943867702192,-4.81128202024321,-28.403378513171));
#2706=CARTESIAN_POINT('Ctrl Pts',(0.965561866644749,-4.6979617633271,-28.4291022280516));
#2707=CARTESIAN_POINT('Ctrl Pts',(0.242420367215616,-4.0311693788215,-28.4805496578127));
#2708=CARTESIAN_POINT('Ctrl Pts',(0.455046517483348,-2.56293217931339,-28.5577208024545));
#2709=CARTESIAN_POINT('Ctrl Pts',(1.78623040664292,-1.91144771801548,-28.6348919470963));
#2710=CARTESIAN_POINT('Ctrl Pts',(3.07629081902031,-2.63925017434981,-28.712063091738));
#2711=CARTESIAN_POINT('Ctrl Pts',(3.20557788376899,-4.11563384758998,-28.7892342363798));
#2712=CARTESIAN_POINT('Ctrl Pts',(2.06103165928366,-5.05673642924537,-28.8664053810216));
#2713=CARTESIAN_POINT('Ctrl Pts',(0.6376243433731,-4.64516930295455,-28.9435765256633));
#2714=CARTESIAN_POINT('Ctrl Pts',(0.172130486790052,-3.23836959432473,-29.020747670305));
#2715=CARTESIAN_POINT('Ctrl Pts',(1.0691555290609,-2.05896467468702,-29.0979188149469));
#2716=CARTESIAN_POINT('Ctrl Pts',(2.54913449948194,-2.13181154420067,-29.1750899595886));
#2717=CARTESIAN_POINT('Ctrl Pts',(3.32597721475541,-3.39363272955148,-29.2522611042304));
#2718=CARTESIAN_POINT('Ctrl Pts',(2.72459096296386,-4.74788341735867,-29.3294322488721));
#2719=CARTESIAN_POINT('Ctrl Pts',(1.26759009175481,-5.01771672819345,-29.4066033935139));
#2720=CARTESIAN_POINT('Ctrl Pts',(0.221115807335375,-3.96864279971436,-29.4837745381556));
#2721=CARTESIAN_POINT('Ctrl Pts',(0.494563047608661,-2.5123148345387,-29.5609456827974));
#2722=CARTESIAN_POINT('Ctrl Pts',(1.85030338760494,-1.9142933592999,-29.6381168274392));
#2723=CARTESIAN_POINT('Ctrl Pts',(3.11018966097562,-2.69425933768758,-29.7152879720809));
#2724=CARTESIAN_POINT('Ctrl Pts',(3.17937097853612,-4.17442529236096,-29.7924591167227));
#2725=CARTESIAN_POINT('Ctrl Pts',(1.9977298074668,-5.06849942917534,-29.8696302613645));
#2726=CARTESIAN_POINT('Ctrl Pts',(0.592117696742377,-4.59955968346007,-29.9468014060062));
#2727=CARTESIAN_POINT('Ctrl Pts',(0.184027202597716,-3.17504850438626,-30.023972550648));
#2728=CARTESIAN_POINT('Ctrl Pts',(1.12808028097174,-2.03301537367439,-30.1011436952897));
#2729=CARTESIAN_POINT('Ctrl Pts',(2.60391130756949,-2.16561593971197,-30.1783148399315));
#2730=CARTESIAN_POINT('Ctrl Pts',(3.32896645913274,-3.45817886774026,-30.2554859845733));
#2731=CARTESIAN_POINT('Ctrl Pts',(2.67326035536463,-4.78633615831652,-30.332657129215));
#2732=CARTESIAN_POINT('Ctrl Pts',(1.20642320172908,-4.99816466155677,-30.4098282738568));
#2733=CARTESIAN_POINT('Ctrl Pts',(0.203486104960842,-3.90498236490027,-30.4869994184985));
#2734=CARTESIAN_POINT('Ctrl Pts',(0.425207407145819,-2.94665811059556,-30.5384468482597));
#2735=CARTESIAN_POINT('Ctrl Pts',(0.711543700038369,-2.61420577058934,-30.5641705631403));
#2736=CARTESIAN_POINT('Ctrl Pts',(1.41341493646397,-4.72159831625556,-28.3497811631812));
#2737=CARTESIAN_POINT('Ctrl Pts',(1.01852871834859,-4.61602847474984,-28.3755048780618));
#2738=CARTESIAN_POINT('Ctrl Pts',(0.344845693278746,-3.9948406283299,-28.426952307823));
#2739=CARTESIAN_POINT('Ctrl Pts',(0.542929509840792,-2.62702191115554,-28.5041234524647));
#2740=CARTESIAN_POINT('Ctrl Pts',(1.78306852838864,-2.02009501922684,-28.5812945971065));
#2741=CARTESIAN_POINT('Ctrl Pts',(2.98489666550888,-2.69812022013654,-28.6584657417483));
#2742=CARTESIAN_POINT('Ctrl Pts',(3.10534128243523,-4.07352824185476,-28.73563688639));
#2743=CARTESIAN_POINT('Ctrl Pts',(2.03907504899096,-4.95026513859094,-28.8128080310318));
#2744=CARTESIAN_POINT('Ctrl Pts',(0.713020124406795,-4.56684669714098,-28.8899791756736));
#2745=CARTESIAN_POINT('Ctrl Pts',(0.279363212582681,-3.25626352064609,-28.9671503203153));
#2746=CARTESIAN_POINT('Ctrl Pts',(1.11503720517956,-2.15752271449538,-29.0443214649571));
#2747=CARTESIAN_POINT('Ctrl Pts',(2.49379462764817,-2.22538730179893,-29.1214926095988));
#2748=CARTESIAN_POINT('Ctrl Pts',(3.21750603245906,-3.40090760303377,-29.1986637542406));
#2749=CARTESIAN_POINT('Ctrl Pts',(2.65725093762329,-4.66253579168716,-29.2758348988823));
#2750=CARTESIAN_POINT('Ctrl Pts',(1.29990005232576,-4.91391414744643,-29.3530060435241));
#2751=CARTESIAN_POINT('Ctrl Pts',(0.32499823554159,-3.93659048642348,-29.4301771881659));
#2752=CARTESIAN_POINT('Ctrl Pts',(0.579743349975952,-2.57986648448491,-29.5073483328076));
#2753=CARTESIAN_POINT('Ctrl Pts',(1.84275930768122,-2.02274603597843,-29.5845194774494));
#2754=CARTESIAN_POINT('Ctrl Pts',(3.01647703313105,-2.74936709172835,-29.6616906220912));
#2755=CARTESIAN_POINT('Ctrl Pts',(3.08092676991046,-4.12829870986525,-29.7388617667329));
#2756=CARTESIAN_POINT('Ctrl Pts',(1.98010265830646,-4.96122362096676,-29.8160329113747));
#2757=CARTESIAN_POINT('Ctrl Pts',(0.67062585525315,-4.52435649784032,-29.8932040560165));
#2758=CARTESIAN_POINT('Ctrl Pts',(0.290446265484542,-3.19727320761033,-29.9703752006582));
#2759=CARTESIAN_POINT('Ctrl Pts',(1.16993186293343,-2.1333481876311,-30.0475463453));
#2760=CARTESIAN_POINT('Ctrl Pts',(2.54482503567374,-2.25687968253864,-30.1247174899417));
#2761=CARTESIAN_POINT('Ctrl Pts',(3.22029083072659,-3.46103917848052,-30.2018886345835));
#2762=CARTESIAN_POINT('Ctrl Pts',(2.60943103096128,-4.69835859935504,-30.2790597792253));
#2763=CARTESIAN_POINT('Ctrl Pts',(1.24291660504859,-4.89569932308831,-30.356230923867));
#2764=CARTESIAN_POINT('Ctrl Pts',(0.308574297438009,-3.87728403763486,-30.4334020685088));
#2765=CARTESIAN_POINT('Ctrl Pts',(0.515131212919028,-2.98450332577217,-30.4848494982699));
#2766=CARTESIAN_POINT('Ctrl Pts',(0.781883847272635,-2.67478870106352,-30.5105732131505));
#2767=CARTESIAN_POINT('Ctrl Pts',(0.781883847272635,-2.67478870106352,-30.5105732131505));
#2768=CARTESIAN_POINT('Ctrl Pts',(0.744988292702623,-2.70924424561505,-30.5105732131505));
#2769=CARTESIAN_POINT('Ctrl Pts',(0.710464854593784,-2.74593688709552,-30.5105732131505));
#2770=CARTESIAN_POINT('Ctrl Pts',(0.678318731929841,-2.7845472614668,-30.5105732131505));
#2771=CARTESIAN_POINT('Ctrl Pts',(0.644746850358267,-2.82487010006782,-30.5105732131505));
#2772=CARTESIAN_POINT('Ctrl Pts',(0.613767215037601,-2.86728501544423,-30.5105732131505));
#2773=CARTESIAN_POINT('Ctrl Pts',(0.585413569159249,-2.91147787391873,-30.5105732131505));
#2774=CARTESIAN_POINT('Ctrl Pts',(0.563205381703256,-2.94609223319473,-30.5105732131505));
#2775=CARTESIAN_POINT('Ctrl Pts',(0.542608699985456,-2.98179849357786,-30.5105732131505));
#2776=CARTESIAN_POINT('Ctrl Pts',(0.523654654592927,-3.01846225220769,-30.5105732131505));
#2777=CARTESIAN_POINT('Ctrl Pts',(0.516505190506268,-3.03229181841255,-30.5105732131505));
#2778=CARTESIAN_POINT('Ctrl Pts',(0.509589586119531,-3.04625774138347,-30.5105732131505));
#2779=CARTESIAN_POINT('Ctrl Pts',(0.502910066094698,-3.06035321377216,-30.5105732131505));
#2780=CARTESIAN_POINT('Ctrl Pts',(0.4970001599004,-3.07282460681714,-30.5105732131505));
#2781=CARTESIAN_POINT('Ctrl Pts',(0.491273010842214,-3.08540253424219,-30.5105732131505));
#2782=CARTESIAN_POINT('Ctrl Pts',(0.485742872752022,-3.09805261193111,-30.5105732131505));
#2783=CARTESIAN_POINT('Ctrl Pts',(0.463937241815794,-3.14793254637403,-30.5105732131505));
#2784=CARTESIAN_POINT('Ctrl Pts',(0.445155219262069,-3.19900266571415,-30.5105732131505));
#2785=CARTESIAN_POINT('Ctrl Pts',(0.429428041651871,-3.25093269998845,-30.5105732131505));
#2786=CARTESIAN_POINT('Ctrl Pts',(0.413411314655831,-3.30381880596891,-30.5105732131505));
#2787=CARTESIAN_POINT('Ctrl Pts',(0.400562345159357,-3.3575977040744,-30.5105732131505));
#2788=CARTESIAN_POINT('Ctrl Pts',(0.390954862714393,-3.41195502433528,-30.5105732131505));
#2789=CARTESIAN_POINT('Ctrl Pts',(0.384443912946941,-3.44879274782208,-30.5105732131505));
#2790=CARTESIAN_POINT('Ctrl Pts',(0.379422537394563,-3.48589684000657,-30.5105732131505));
#2791=CARTESIAN_POINT('Ctrl Pts',(0.375926197021493,-3.52317478934864,-30.5105732131505));
#2792=CARTESIAN_POINT('Ctrl Pts',(0.374533336008636,-3.53802546083296,-30.5105732131505));
#2793=CARTESIAN_POINT('Ctrl Pts',(0.373382624719807,-3.55290375562859,-30.5105732131505));
#2794=CARTESIAN_POINT('Ctrl Pts',(0.372476800054785,-3.5678039155691,-30.5105732131505));
#2795=CARTESIAN_POINT('Ctrl Pts',(0.371751610490266,-3.57973275888258,-30.5105732131505));
#2796=CARTESIAN_POINT('Ctrl Pts',(0.371183454965029,-3.59167771612653,-30.5105732131505));
#2797=CARTESIAN_POINT('Ctrl Pts',(0.370774216964273,-3.6036132902837,-30.5105732131505));
#2798=CARTESIAN_POINT('Ctrl Pts',(0.368827335375206,-3.6603947952725,-30.5105732131505));
#2799=CARTESIAN_POINT('Ctrl Pts',(0.370465221602422,-3.71707178917597,-30.5105732131505));
#2800=CARTESIAN_POINT('Ctrl Pts',(0.375750080317517,-3.77331276259308,-30.5105732131505));
#2801=CARTESIAN_POINT('Ctrl Pts',(0.378416097987644,-3.80168427392353,-30.5105732131505));
#2802=CARTESIAN_POINT('Ctrl Pts',(0.382010934946906,-3.82994522276361,-30.5105732131505));
#2803=CARTESIAN_POINT('Ctrl Pts',(0.386547331609736,-3.85805472976381,-30.5105732131505));
#2804=CARTESIAN_POINT('Ctrl Pts',(0.3952872247929,-3.91221094820613,-30.5105732131505));
#2805=CARTESIAN_POINT('Ctrl Pts',(0.407518684148692,-3.96580530976208,-30.5105732131505));
#2806=CARTESIAN_POINT('Ctrl Pts',(0.423016793863107,-4.01862882702082,-30.5105732131505));
#2807=CARTESIAN_POINT('Ctrl Pts',(0.43158981118344,-4.04784896655557,-30.5105732131505));
#2808=CARTESIAN_POINT('Ctrl Pts',(0.441163343103601,-4.07683323436418,-30.5105732131505));
#2809=CARTESIAN_POINT('Ctrl Pts',(0.451705879354964,-4.10554538208645,-30.5105732131505));
#2810=CARTESIAN_POINT('Ctrl Pts',(0.454819671962003,-4.11402566341328,-30.5105732131505));
#2811=CARTESIAN_POINT('Ctrl Pts',(0.45801735361499,-4.12248020435472,-30.5105732131505));
#2812=CARTESIAN_POINT('Ctrl Pts',(0.461294637363306,-4.13089974939694,-30.5105732131505));
#2813=CARTESIAN_POINT('Ctrl Pts',(0.48191158304796,-4.18386596048995,-30.5105732131505));
#2814=CARTESIAN_POINT('Ctrl Pts',(0.505708565459087,-4.23554131223605,-30.5105732131505));
#2815=CARTESIAN_POINT('Ctrl Pts',(0.532409483431561,-4.28570808646769,-30.5105732131505));
#2816=CARTESIAN_POINT('Ctrl Pts',(0.559729343507262,-4.33703775437914,-30.5105732131505));
#2817=CARTESIAN_POINT('Ctrl Pts',(0.590089660967518,-4.38678901974973,-30.5105732131505));
#2818=CARTESIAN_POINT('Ctrl Pts',(0.6232497096443,-4.43472331398073,-30.5105732131505));
#2819=CARTESIAN_POINT('Ctrl Pts',(0.645197104314571,-4.46644922861925,-30.5105732131505));
#2820=CARTESIAN_POINT('Ctrl Pts',(0.668372084481277,-4.49737906766735,-30.5105732131505));
#2821=CARTESIAN_POINT('Ctrl Pts',(0.692716456870266,-4.52743930407277,-30.5105732131505));
#2822=CARTESIAN_POINT('Ctrl Pts',(0.706098648910938,-4.54396352782097,-30.5105732131505));
#2823=CARTESIAN_POINT('Ctrl Pts',(0.719834354362038,-4.56022490361914,-30.5105732131505));
#2824=CARTESIAN_POINT('Ctrl Pts',(0.733914954845025,-4.57621052823108,-30.5105732131505));
#2825=CARTESIAN_POINT('Ctrl Pts',(0.743043498463842,-4.58657411121324,-30.5105732131505));
#2826=CARTESIAN_POINT('Ctrl Pts',(0.752318778648818,-4.59682346934259,-30.5105732131505));
#2827=CARTESIAN_POINT('Ctrl Pts',(0.761722397727159,-4.60693815798111,-30.5105732131505));
#2828=CARTESIAN_POINT('Ctrl Pts',(0.802819512764027,-4.65114289650532,-30.5105732131505));
#2829=CARTESIAN_POINT('Ctrl Pts',(0.846424841256913,-4.69284826806404,-30.5105732131505));
#2830=CARTESIAN_POINT('Ctrl Pts',(0.892292311969216,-4.73179410567959,-30.5105732131505));
#2831=CARTESIAN_POINT('Ctrl Pts',(0.917548206923304,-4.7532387584682,-30.5105732131505));
#2832=CARTESIAN_POINT('Ctrl Pts',(0.943490827621339,-4.7738463992682,-30.5105732131505));
#2833=CARTESIAN_POINT('Ctrl Pts',(0.970084787283899,-4.79356997589537,-30.5105732131505));
#2834=CARTESIAN_POINT('Ctrl Pts',(0.982455431661714,-4.80274474172224,-30.5105732131505));
#2835=CARTESIAN_POINT('Ctrl Pts',(0.994967065686921,-4.81172816921219,-30.5105732131505));
#2836=CARTESIAN_POINT('Ctrl Pts',(1.00761638659974,-4.82051526982316,-30.5105732131505));
#2837=CARTESIAN_POINT('Ctrl Pts',(1.017318511981,-4.82725504284757,-30.5105732131505));
#2838=CARTESIAN_POINT('Ctrl Pts',(1.02710076744394,-4.83387860780206,-30.5105732131505));
#2839=CARTESIAN_POINT('Ctrl Pts',(1.03695316384481,-4.84037838048016,-30.5105732131505));
#2840=CARTESIAN_POINT('Ctrl Pts',(1.08771191651741,-4.87386468577808,-30.5105732131505));
#2841=CARTESIAN_POINT('Ctrl Pts',(1.14038769366698,-4.90410902240394,-30.5105732131505));
#2842=CARTESIAN_POINT('Ctrl Pts',(1.19475254536752,-4.93083697675722,-30.5105732131505));
#2843=CARTESIAN_POINT('Ctrl Pts',(1.2048056760478,-4.93577950137608,-30.5105732131505));
#2844=CARTESIAN_POINT('Ctrl Pts',(1.21491667091904,-4.94060168554005,-30.5105732131505));
#2845=CARTESIAN_POINT('Ctrl Pts',(1.22508422614453,-4.94530165236201,-30.5105732131505));
#2846=CARTESIAN_POINT('Ctrl Pts',(1.26276734258503,-4.96272072637642,-30.5105732131505));
#2847=CARTESIAN_POINT('Ctrl Pts',(1.30122686318213,-4.97846188573055,-30.5105732131505));
#2848=CARTESIAN_POINT('Ctrl Pts',(1.34035614514534,-4.99255007830835,-30.5105732131505));
#2849=CARTESIAN_POINT('Ctrl Pts',(0.474784882233096,-3.4990997844241,-28.9539928867699));
#2850=CARTESIAN_POINT('Ctrl Pts',(0.474220551388533,-3.42952427552529,-28.9583786979517));
#2851=CARTESIAN_POINT('Ctrl Pts',(0.479494592062086,-3.36003425562965,-28.9627645091335));
#2852=CARTESIAN_POINT('Ctrl Pts',(0.490918363319513,-3.29157058237012,-28.9671503203153));
#2853=CARTESIAN_POINT('Ctrl Pts',(0.557921210114974,-2.89001658526252,-28.9928740351959));
#2854=CARTESIAN_POINT('Ctrl Pts',(0.836479207647262,-2.52376964987896,-29.0185977500765));
#2855=CARTESIAN_POINT('Ctrl Pts',(1.20555111015818,-2.35195694673776,-29.0443214649571));
#2856=CARTESIAN_POINT('Ctrl Pts',(1.57462301266909,-2.18014424359657,-29.0700451798377));
#2857=CARTESIAN_POINT('Ctrl Pts',(2.03420882015863,-2.20276577269775,-29.0957688947182));
#2858=CARTESIAN_POINT('Ctrl Pts',(2.38462029137188,-2.40999658745415,-29.1214926095988));
#2859=CARTESIAN_POINT('Ctrl Pts',(2.73503176258513,-2.61722740221054,-29.1472163244794));
#2860=CARTESIAN_POINT('Ctrl Pts',(2.97626889752209,-3.00906750262216,-29.17294003936));
#2861=CARTESIAN_POINT('Ctrl Pts',(3.00351161585128,-3.41525891760352,-29.1986637542406));
#2862=CARTESIAN_POINT('Ctrl Pts',(3.03075433418047,-3.8214503325849,-29.2243874691212));
#2863=CARTESIAN_POINT('Ctrl Pts',(2.84400263590188,-4.24199306213603,-29.2501111840018));
#2864=CARTESIAN_POINT('Ctrl Pts',(2.524401639213,-4.49416081953814,-29.2758348988823));
#2865=CARTESIAN_POINT('Ctrl Pts',(2.20480064252411,-4.74632857694025,-29.3015586137629));
#2866=CARTESIAN_POINT('Ctrl Pts',(1.75235034742494,-4.83012136219334,-29.3272823286435));
#2867=CARTESIAN_POINT('Ctrl Pts',(1.36364156374465,-4.70913047798272,-29.3530060435241));
#2868=CARTESIAN_POINT('Ctrl Pts',(0.974932780064372,-4.58813959377211,-29.3787297584047));
#2869=CARTESIAN_POINT('Ctrl Pts',(0.649965507802982,-4.2623650400978,-29.4044534732853));
#2870=CARTESIAN_POINT('Ctrl Pts',(0.52993939074468,-3.87335709627088,-29.4301771881659));
#2871=CARTESIAN_POINT('Ctrl Pts',(0.492898268162561,-3.75330580005414,-29.4381157543672));
#2872=CARTESIAN_POINT('Ctrl Pts',(0.475375623467698,-3.62723219208549,-29.4460543205686));
#2873=CARTESIAN_POINT('Ctrl Pts',(0.476287018956157,-3.50091176640302,-29.45399288677));
#2874=CARTESIAN_POINT('Ctrl Pts',(1.34148615813783,-4.99064942821852,-28.5105732131505));
#2875=CARTESIAN_POINT('Ctrl Pts',(1.28498348021332,-4.97000358226357,-28.5105732131505));
#2876=CARTESIAN_POINT('Ctrl Pts',(1.22998760999377,-4.94587045439215,-28.5105732131505));
#2877=CARTESIAN_POINT('Ctrl Pts',(1.17668916587623,-4.91853297712114,-28.5105732131505));
#2878=CARTESIAN_POINT('Ctrl Pts',(1.12284246562582,-4.89091429202467,-28.5105732131505));
#2879=CARTESIAN_POINT('Ctrl Pts',(1.07072753108475,-4.86002411838361,-28.5105732131505));
#2880=CARTESIAN_POINT('Ctrl Pts',(1.02057240023217,-4.82610980054903,-28.5105732131505));
#2881=CARTESIAN_POINT('Ctrl Pts',(0.983402887752337,-4.80097620726417,-28.5105732131505));
#2882=CARTESIAN_POINT('Ctrl Pts',(0.947310329423364,-4.77418071797691,-28.5105732131505));
#2883=CARTESIAN_POINT('Ctrl Pts',(0.912402232897326,-4.74581282095548,-28.5105732131505));
#2884=CARTESIAN_POINT('Ctrl Pts',(0.895214960832466,-4.73184566684121,-28.5105732131505));
#2885=CARTESIAN_POINT('Ctrl Pts',(0.878315031502539,-4.7174972144486,-28.5105732131505));
#2886=CARTESIAN_POINT('Ctrl Pts',(0.861716591356568,-4.70277755901978,-28.5105732131505));
#2887=CARTESIAN_POINT('Ctrl Pts',(0.8540981164022,-4.69602142258556,-28.5105732131505));
#2888=CARTESIAN_POINT('Ctrl Pts',(0.846541412532522,-4.68918545373926,-28.5105732131505));
#2889=CARTESIAN_POINT('Ctrl Pts',(0.839053695542467,-4.68227596204714,-28.5105732131505));
#2890=CARTESIAN_POINT('Ctrl Pts',(0.795550378493158,-4.64213210937063,-28.5105732131505));
#2891=CARTESIAN_POINT('Ctrl Pts',(0.754490105649201,-4.59962011638425,-28.5105732131505));
#2892=CARTESIAN_POINT('Ctrl Pts',(0.716078487252515,-4.55497958524214,-28.5105732131505));
#2893=CARTESIAN_POINT('Ctrl Pts',(0.678348744842221,-4.51113150460007,-28.5105732131505));
#2894=CARTESIAN_POINT('Ctrl Pts',(0.643173978629767,-4.46522885079425,-28.5105732131505));
#2895=CARTESIAN_POINT('Ctrl Pts',(0.610791589890428,-4.41747416654486,-28.5105732131505));
#2896=CARTESIAN_POINT('Ctrl Pts',(0.5876972279003,-4.38341664306637,-28.5105732131505));
#2897=CARTESIAN_POINT('Ctrl Pts',(0.566023987768665,-4.34841660941285,-28.5105732131505));
#2898=CARTESIAN_POINT('Ctrl Pts',(0.54587358722495,-4.31254351528067,-28.5105732131505));
#2899=CARTESIAN_POINT('Ctrl Pts',(0.533108735154836,-4.28981866974219,-28.5105732131505));
#2900=CARTESIAN_POINT('Ctrl Pts',(0.520955260847248,-4.26674341485135,-28.5105732131505));
#2901=CARTESIAN_POINT('Ctrl Pts',(0.509442055867099,-4.24333517869486,-28.5105732131505));
#2902=CARTESIAN_POINT('Ctrl Pts',(0.504874723872183,-4.23404904280773,-28.5105732131505));
#2903=CARTESIAN_POINT('Ctrl Pts',(0.500408206117391,-4.22471030739121,-28.5105732131505));
#2904=CARTESIAN_POINT('Ctrl Pts',(0.496050383802082,-4.21533365737273,-28.5105732131505));
#2905=CARTESIAN_POINT('Ctrl Pts',(0.472509140082158,-4.16468037520789,-28.5105732131505));
#2906=CARTESIAN_POINT('Ctrl Pts',(0.452087544631478,-4.11282520045349,-28.5105732131505));
#2907=CARTESIAN_POINT('Ctrl Pts',(0.434999879690761,-4.05995691766329,-28.5105732131505));
#2908=CARTESIAN_POINT('Ctrl Pts',(0.425463166982672,-4.03045086015986,-28.5105732131505));
#2909=CARTESIAN_POINT('Ctrl Pts',(0.416965763859029,-4.00062896531128,-28.5105732131505));
#2910=CARTESIAN_POINT('Ctrl Pts',(0.409551941854809,-3.97052284608861,-28.5105732131505));
#2911=CARTESIAN_POINT('Ctrl Pts',(0.396602726725762,-3.91793854958227,-28.5105732131505));
#2912=CARTESIAN_POINT('Ctrl Pts',(0.386957034844849,-3.86448644201495,-28.5105732131505));
#2913=CARTESIAN_POINT('Ctrl Pts',(0.380565580307723,-3.81046329051672,-28.5105732131505));
#2914=CARTESIAN_POINT('Ctrl Pts',(0.37753310797459,-3.78483161132455,-28.5105732131505));
#2915=CARTESIAN_POINT('Ctrl Pts',(0.375233812697422,-3.75907150150036,-28.5105732131505));
#2916=CARTESIAN_POINT('Ctrl Pts',(0.373665623310687,-3.73321575137011,-28.5105732131505));
#2917=CARTESIAN_POINT('Ctrl Pts',(0.372762631227138,-3.71832753832687,-28.5105732131505));
#2918=CARTESIAN_POINT('Ctrl Pts',(0.372102079696689,-3.70340116299959,-28.5105732131505));
#2919=CARTESIAN_POINT('Ctrl Pts',(0.371684333247664,-3.688478566157,-28.5105732131505));
#2920=CARTESIAN_POINT('Ctrl Pts',(0.370125118882568,-3.6327808399026,-28.5105732131505));
#2921=CARTESIAN_POINT('Ctrl Pts',(0.3719368137536,-3.57706062732763,-28.5105732131505));
#2922=CARTESIAN_POINT('Ctrl Pts',(0.377026087506739,-3.52163667402242,-28.5105732131505));
#2923=CARTESIAN_POINT('Ctrl Pts',(0.382104428335301,-3.46633178405133,-28.5105732131505));
#2924=CARTESIAN_POINT('Ctrl Pts',(0.390446714057735,-3.4113207448947,-28.5105732131505));
#2925=CARTESIAN_POINT('Ctrl Pts',(0.402009221792613,-3.35693565442151,-28.5105732131505));
#2926=CARTESIAN_POINT('Ctrl Pts',(0.409622593884879,-3.32112560875166,-28.5105732131505));
#2927=CARTESIAN_POINT('Ctrl Pts',(0.418633116320237,-3.28558730027959,-28.5105732131505));
#2928=CARTESIAN_POINT('Ctrl Pts',(0.429038605492397,-3.25042276215259,-28.5105732131505));
#2929=CARTESIAN_POINT('Ctrl Pts',(0.434826015514756,-3.23086466190177,-28.5105732131505));
#2930=CARTESIAN_POINT('Ctrl Pts',(0.441045091268282,-3.21142230540642,-28.5105732131505));
#2931=CARTESIAN_POINT('Ctrl Pts',(0.44769645201641,-3.19211429659748,-28.5105732131505));
#2932=CARTESIAN_POINT('Ctrl Pts',(0.451392058035801,-3.18138644762358,-28.5105732131505));
#2933=CARTESIAN_POINT('Ctrl Pts',(0.455218015835618,-3.17070917208485,-28.5105732131505));
#2934=CARTESIAN_POINT('Ctrl Pts',(0.459173100460185,-3.16008740210866,-28.5105732131505));
#2935=CARTESIAN_POINT('Ctrl Pts',(0.477829526638658,-3.10998372892437,-28.5105732131505));
#2936=CARTESIAN_POINT('Ctrl Pts',(0.499361272875252,-3.06109729434463,-28.5105732131505));
#2937=CARTESIAN_POINT('Ctrl Pts',(0.523739805415117,-3.01374326028924,-28.5105732131505));
#2938=CARTESIAN_POINT('Ctrl Pts',(0.537134540548926,-2.98772468256509,-28.5105732131505));
#2939=CARTESIAN_POINT('Ctrl Pts',(0.551389395354709,-2.96216926142198,-28.5105732131505));
#2940=CARTESIAN_POINT('Ctrl Pts',(0.566504332462844,-2.93713416959238,-28.5105732131505));
#2941=CARTESIAN_POINT('Ctrl Pts',(0.573143576794118,-2.92613749191365,-28.5105732131505));
#2942=CARTESIAN_POINT('Ctrl Pts',(0.579949973505635,-2.91523946116934,-28.5105732131505));
#2943=CARTESIAN_POINT('Ctrl Pts',(0.586919969330641,-2.90445093750639,-28.5105732131505));
#2944=CARTESIAN_POINT('Ctrl Pts',(0.614857002681724,-2.86120853780518,-28.5105732131505));
#2945=CARTESIAN_POINT('Ctrl Pts',(0.645359756152348,-2.81981317876955,-28.5105732131505));
#2946=CARTESIAN_POINT('Ctrl Pts',(0.67841252840981,-2.78056610014173,-28.5105732131505));
#2947=CARTESIAN_POINT('Ctrl Pts',(0.687918557575189,-2.76927857874456,-28.5105732131505));
#2948=CARTESIAN_POINT('Ctrl Pts',(0.69763571924719,-2.75816900223323,-28.5105732131505));
#2949=CARTESIAN_POINT('Ctrl Pts',(0.707564125856198,-2.74724518834166,-28.5105732131505));
#2950=CARTESIAN_POINT('Ctrl Pts',(0.730673511107201,-2.72181889049025,-28.5105732131505));
#2951=CARTESIAN_POINT('Ctrl Pts',(0.754927199655878,-2.69739843120968,-28.5105732131505));
#2952=CARTESIAN_POINT('Ctrl Pts',(0.780241161165308,-2.67402367384883,-28.5105732131505));
#2953=CARTESIAN_POINT('Origin',(-1.26000000000496,-1.23588208484609E-29,
-28.5105732131505));
#2954=CARTESIAN_POINT('',(7.73999999999504,-18.5,-28.5105732131505));
#2955=CARTESIAN_POINT('',(7.73999999999504,2.,-28.5105732131505));
#2956=CARTESIAN_POINT('',(7.73999999999504,-5.25907270147183E-30,-28.5105732131505));
#2957=CARTESIAN_POINT('',(-3.26000000000496,2.,-28.5105732131505));
#2958=CARTESIAN_POINT('',(-1.26000000000496,2.,-28.5105732131505));
#2959=CARTESIAN_POINT('',(-3.26000000000497,-18.5,-28.5105732131505));
#2960=CARTESIAN_POINT('',(-3.26000000000496,-16.5,-28.5105732131505));
#2961=CARTESIAN_POINT('',(4.73999999999504,-18.5,-28.5105732131505));
#2962=CARTESIAN_POINT('Ctrl Pts',(2.69811615271738,-12.1747887010635,-28.5105732131505));
#2963=CARTESIAN_POINT('Ctrl Pts',(2.73500955992701,-12.2092422402658,-28.5105732131505));
#2964=CARTESIAN_POINT('Ctrl Pts',(2.76953072679285,-12.2459330426196,-28.5105732131505));
#2965=CARTESIAN_POINT('Ctrl Pts',(2.80167455515092,-12.284541695142,-28.5105732131505));
#2966=CARTESIAN_POINT('Ctrl Pts',(2.83524466856638,-12.3248634897196,-28.5105732131505));
#2967=CARTESIAN_POINT('Ctrl Pts',(2.86622241335651,-12.3672775671353,-28.5105732131505));
#2968=CARTESIAN_POINT('Ctrl Pts',(2.89457415718573,-12.4114697190492,-28.5105732131505));
#2969=CARTESIAN_POINT('Ctrl Pts',(2.91678206948473,-12.4460854181724,-28.5105732131505));
#2970=CARTESIAN_POINT('Ctrl Pts',(2.93737829268057,-12.4817932184224,-28.5105732131505));
#2971=CARTESIAN_POINT('Ctrl Pts',(2.95633174430339,-12.5184586596964,-28.5105732131505));
#2972=CARTESIAN_POINT('Ctrl Pts',(2.96347851852302,-12.5322840903179,-28.5105732131505));
#2973=CARTESIAN_POINT('Ctrl Pts',(2.97039157507123,-12.5462458039961,-28.5105732131505));
#2974=CARTESIAN_POINT('Ctrl Pts',(2.97706869416117,-12.5603369974041,-28.5105732131505));
#2975=CARTESIAN_POINT('Ctrl Pts',(2.98298287558011,-12.5728181098571,-28.5105732131505));
#2976=CARTESIAN_POINT('Ctrl Pts',(2.98871402010345,-12.5854059356203,-28.5105732131505));
#2977=CARTESIAN_POINT('Ctrl Pts',(2.99424785399664,-12.5980660328052,-28.5105732131505));
#2978=CARTESIAN_POINT('Ctrl Pts',(3.01605084228939,-12.6479460899294,-28.5105732131505));
#2979=CARTESIAN_POINT('Ctrl Pts',(3.03483035656579,-12.6990163406845,-28.5105732131505));
#2980=CARTESIAN_POINT('Ctrl Pts',(3.05055527162139,-12.7509464389799,-28.5105732131505));
#2981=CARTESIAN_POINT('Ctrl Pts',(3.0665703154492,-12.8038346610938,-28.5105732131505));
#2982=CARTESIAN_POINT('Ctrl Pts',(3.07941761085999,-12.8576156746303,-28.5105732131505));
#2983=CARTESIAN_POINT('Ctrl Pts',(3.08902353877591,-12.9119749925485,-28.5105732131505));
#2984=CARTESIAN_POINT('Ctrl Pts',(3.09553346283082,-12.9488142270735,-28.5105732131505));
#2985=CARTESIAN_POINT('Ctrl Pts',(3.10055385478926,-12.9859197785763,-28.5105732131505));
#2986=CARTESIAN_POINT('Ctrl Pts',(3.10404928759147,-13.0231990979997,-28.5105732131505));
#2987=CARTESIAN_POINT('Ctrl Pts',(3.10544170451017,-13.0380494350023,-28.5105732131505));
#2988=CARTESIAN_POINT('Ctrl Pts',(3.10659201247374,-13.0529273778776,-28.5105732131505));
#2989=CARTESIAN_POINT('Ctrl Pts',(3.1074974772405,-13.0678271670844,-28.5105732131505));
#2990=CARTESIAN_POINT('Ctrl Pts',(3.10822248069671,-13.0797573923877,-28.5105732131505));
#2991=CARTESIAN_POINT('Ctrl Pts',(3.10879043383761,-13.0917037261223,-28.5105732131505));
#2992=CARTESIAN_POINT('Ctrl Pts',(3.10919945416061,-13.1036406632397,-28.5105732131505));
#2993=CARTESIAN_POINT('Ctrl Pts',(3.11114513613424,-13.1604238646204,-28.5105732131505));
#2994=CARTESIAN_POINT('Ctrl Pts',(3.10950630833117,-13.2171022736508,-28.5105732131505));
#2995=CARTESIAN_POINT('Ctrl Pts',(3.10422087834911,-13.2733442600001,-28.5105732131505));
#2996=CARTESIAN_POINT('Ctrl Pts',(3.10155455799903,-13.3017164365762,-28.5105732131505));
#2997=CARTESIAN_POINT('Ctrl Pts',(3.09795950247428,-13.3299779471348,-28.5105732131505));
#2998=CARTESIAN_POINT('Ctrl Pts',(3.09342298559763,-13.3580878960768,-28.5105732131505));
#2999=CARTESIAN_POINT('Ctrl Pts',(3.0846826907032,-13.4122460200077,-28.5105732131505));
#3000=CARTESIAN_POINT('Ctrl Pts',(3.07245105860263,-13.4658418210948,-28.5105732131505));
#3001=CARTESIAN_POINT('Ctrl Pts',(3.05695293646918,-13.5186663808252,-28.5105732131505));
#3002=CARTESIAN_POINT('Ctrl Pts',(3.04837963640434,-13.5478880373241,-28.5105732131505));
#3003=CARTESIAN_POINT('Ctrl Pts',(3.03880580644717,-13.5768736852922,-28.5105732131505));
#3004=CARTESIAN_POINT('Ctrl Pts',(3.02826294818742,-13.6055870836651,-28.5105732131505));
#3005=CARTESIAN_POINT('Ctrl Pts',(3.02514865153896,-13.6140688481084,-28.5105732131505));
#3006=CARTESIAN_POINT('Ctrl Pts',(3.02195044513792,-13.6225248449281,-28.5105732131505));
#3007=CARTESIAN_POINT('Ctrl Pts',(3.01867261331247,-13.630945826579,-28.5105732131505));
#3008=CARTESIAN_POINT('Ctrl Pts',(2.99805554143038,-13.6839125415474,-28.5105732131505));
#3009=CARTESIAN_POINT('Ctrl Pts',(2.97425855394731,-13.7355879994306,-28.5105732131505));
#3010=CARTESIAN_POINT('Ctrl Pts',(2.94755767674032,-13.7857545567973,-28.5105732131505));
#3011=CARTESIAN_POINT('Ctrl Pts',(2.92023832056069,-13.837083134446,-28.5105732131505));
#3012=CARTESIAN_POINT('Ctrl Pts',(2.88987865785427,-13.8868330247315,-28.5105732131505));
#3013=CARTESIAN_POINT('Ctrl Pts',(2.85671932274637,-13.9347657427052,-28.5105732131505));
#3014=CARTESIAN_POINT('Ctrl Pts',(2.83477482564187,-13.9664871082682,-28.5105732131505));
#3015=CARTESIAN_POINT('Ctrl Pts',(2.8116030400238,-13.9974124858107,-28.5105732131505));
#3016=CARTESIAN_POINT('Ctrl Pts',(2.78726211402955,-14.0274683956858,-28.5105732131505));
#3017=CARTESIAN_POINT('Ctrl Pts',(2.7738836602188,-14.0439879645018,-28.5105732131505));
#3018=CARTESIAN_POINT('Ctrl Pts',(2.76015186654879,-14.0602447985794,-28.5105732131505));
#3019=CARTESIAN_POINT('Ctrl Pts',(2.74607534082593,-14.0762260081441,-28.5105732131505));
#3020=CARTESIAN_POINT('Ctrl Pts',(2.73694667458757,-14.0865898671725,-28.5105732131505));
#3021=CARTESIAN_POINT('Ctrl Pts',(2.7276712517786,-14.0968394851801,-28.5105732131505));
#3022=CARTESIAN_POINT('Ctrl Pts',(2.71826747106719,-14.1069544160377,-28.5105732131505));
#3023=CARTESIAN_POINT('Ctrl Pts',(2.6771724099483,-14.1511572440881,-28.5105732131505));
#3024=CARTESIAN_POINT('Ctrl Pts',(2.63356910868746,-14.1928607068379,-28.5105732131505));
#3025=CARTESIAN_POINT('Ctrl Pts',(2.58770353905989,-14.2318047361398,-28.5105732131505));
#3026=CARTESIAN_POINT('Ctrl Pts',(2.56244875773814,-14.2532483364656,-28.5105732131505));
#3027=CARTESIAN_POINT('Ctrl Pts',(2.53650721610704,-14.2738549596443,-28.5105732131505));
#3028=CARTESIAN_POINT('Ctrl Pts',(2.5099142841455,-14.2935775702146,-28.5105732131505));
#3029=CARTESIAN_POINT('Ctrl Pts',(2.49754236907259,-14.3027531836198,-28.5105732131505));
#3030=CARTESIAN_POINT('Ctrl Pts',(2.48502941337193,-14.3117374157517,-28.5105732131505));
#3031=CARTESIAN_POINT('Ctrl Pts',(2.47237871949248,-14.3205252776338,-28.5105732131505));
#3032=CARTESIAN_POINT('Ctrl Pts',(2.46267675303285,-14.3272647926395,-28.5105732131505));
#3033=CARTESIAN_POINT('Ctrl Pts',(2.45289464977995,-14.3338881007307,-28.5105732131505));
#3034=CARTESIAN_POINT('Ctrl Pts',(2.44304239454797,-14.3403876210864,-28.5105732131505));
#3035=CARTESIAN_POINT('Ctrl Pts',(2.39228520061592,-14.3738720779335,-28.5105732131505));
#3036=CARTESIAN_POINT('Ctrl Pts',(2.33961076502368,-14.4041147823618,-28.5105732131505));
#3037=CARTESIAN_POINT('Ctrl Pts',(2.28524693522351,-14.4308414199757,-28.5105732131505));
#3038=CARTESIAN_POINT('Ctrl Pts',(2.275196115922,-14.4357826576733,-28.5105732131505));
#3039=CARTESIAN_POINT('Ctrl Pts',(2.26508744593086,-14.4406036165063,-28.5105732131505));
#3040=CARTESIAN_POINT('Ctrl Pts',(2.25492222761298,-14.4453024214128,-28.5105732131505));
#3041=CARTESIAN_POINT('Ctrl Pts',(2.21723977718892,-14.462720884785,-28.5105732131505));
#3042=CARTESIAN_POINT('Ctrl Pts',(2.17878075821975,-14.4784615922812,-28.5105732131505));
#3043=CARTESIAN_POINT('Ctrl Pts',(2.13965183330177,-14.492549470627,-28.5105732131505));
#3044=CARTESIAN_POINT('Ctrl Pts',(1.34148615813784,-14.4906494282185,-28.5105732131505));
#3045=CARTESIAN_POINT('Ctrl Pts',(1.28498348021332,-14.4700035822636,-28.5105732131505));
#3046=CARTESIAN_POINT('Ctrl Pts',(1.229987714811,-14.4458697833033,-28.5105732131505));
#3047=CARTESIAN_POINT('Ctrl Pts',(1.17668945247423,-14.4185311293586,-28.5105732131505));
#3048=CARTESIAN_POINT('Ctrl Pts',(1.12284307624093,-14.3909113274836,-28.5105732131505));
#3049=CARTESIAN_POINT('Ctrl Pts',(1.07072853533214,-14.360019537635,-28.5105732131505));
#3050=CARTESIAN_POINT('Ctrl Pts',(1.02057383815221,-14.3261032663951,-28.5105732131505));
#3051=CARTESIAN_POINT('Ctrl Pts',(0.983404533827919,-14.3009681488859,-28.5105732131505));
#3052=CARTESIAN_POINT('Ctrl Pts',(0.947312212219646,-14.2741709398996,-28.5105732131505));
#3053=CARTESIAN_POINT('Ctrl Pts',(0.912404369770214,-14.2458011944803,-28.5105732131505));
#3054=CARTESIAN_POINT('Ctrl Pts',(0.895217402079783,-14.2318332759928,-28.5105732131505));
#3055=CARTESIAN_POINT('Ctrl Pts',(0.87831777533685,-14.2174840359919,-28.5105732131505));
#3056=CARTESIAN_POINT('Ctrl Pts',(0.861719634185064,-14.2027635774836,-28.5105732131505));
#3057=CARTESIAN_POINT('Ctrl Pts',(0.854101302104713,-14.1960070774475,-28.5105732131505));
#3058=CARTESIAN_POINT('Ctrl Pts',(0.846544740675857,-14.1891707421301,-28.5105732131505));
#3059=CARTESIAN_POINT('Ctrl Pts',(0.839057163937338,-14.1822608807777,-28.5105732131505));
#3060=CARTESIAN_POINT('Ctrl Pts',(0.795554255098129,-14.1421145051208,-28.5105732131505));
#3061=CARTESIAN_POINT('Ctrl Pts',(0.754494394379532,-14.0995998742655,-28.5105732131505));
#3062=CARTESIAN_POINT('Ctrl Pts',(0.716083164257785,-14.0549567469059,-28.5105732131505));
#3063=CARTESIAN_POINT('Ctrl Pts',(0.678353199072596,-14.0111054139573,-28.5105732131505));
#3064=CARTESIAN_POINT('Ctrl Pts',(0.643178268839738,-13.9651994818974,-28.5105732131505));
#3065=CARTESIAN_POINT('Ctrl Pts',(0.610795759563833,-13.9174416532736,-28.5105732131505));
#3066=CARTESIAN_POINT('Ctrl Pts',(0.587701691052001,-13.8833824469034,-28.5105732131505));
#3067=CARTESIAN_POINT('Ctrl Pts',(0.566028719897121,-13.84838082941,-28.5105732131505));
#3068=CARTESIAN_POINT('Ctrl Pts',(0.545878553685158,-13.8125063070086,-28.5105732131505));
#3069=CARTESIAN_POINT('Ctrl Pts',(0.533114007697549,-13.7897808373445,-28.5105732131505));
#3070=CARTESIAN_POINT('Ctrl Pts',(0.52096081046532,-13.7667050294539,-28.5105732131505));
#3071=CARTESIAN_POINT('Ctrl Pts',(0.509447849764745,-13.743296325738,-28.5105732131505));
#3072=CARTESIAN_POINT('Ctrl Pts',(0.504880559407472,-13.7340098919928,-28.5105732131505));
#3073=CARTESIAN_POINT('Ctrl Pts',(0.500414080423924,-13.7246708706213,-28.5105732131505));
#3074=CARTESIAN_POINT('Ctrl Pts',(0.496056293926555,-13.7152939481151,-28.5105732131505));
#3075=CARTESIAN_POINT('Ctrl Pts',(0.47251485924776,-13.6646383667088,-28.5105732131505));
#3076=CARTESIAN_POINT('Ctrl Pts',(0.452093089127631,-13.6127812432363,-28.5105732131505));
#3077=CARTESIAN_POINT('Ctrl Pts',(0.435005251184053,-13.5599115118849,-28.5105732131505));
#3078=CARTESIAN_POINT('Ctrl Pts',(0.425468770850676,-13.5304056636361,-28.5105732131505));
#3079=CARTESIAN_POINT('Ctrl Pts',(0.416971528990339,-13.5005841556926,-28.5105732131505));
#3080=CARTESIAN_POINT('Ctrl Pts',(0.409557790125793,-13.4704786248705,-28.5105732131505));
#3081=CARTESIAN_POINT('Ctrl Pts',(0.396608458508821,-13.4178942933687,-28.5105732131505));
#3082=CARTESIAN_POINT('Ctrl Pts',(0.386962545357754,-13.3644427304896,-28.5105732131505));
#3083=CARTESIAN_POINT('Ctrl Pts',(0.380570787147808,-13.3104205864762,-28.5105732131505));
#3084=CARTESIAN_POINT('Ctrl Pts',(0.377538135781604,-13.2847890898729,-28.5105732131505));
#3085=CARTESIAN_POINT('Ctrl Pts',(0.375238659811221,-13.2590292639032,-28.5105732131505));
#3086=CARTESIAN_POINT('Ctrl Pts',(0.373670290390123,-13.2331738876461,-28.5105732131505));
#3087=CARTESIAN_POINT('Ctrl Pts',(0.372767224615459,-13.218286384055,-28.5105732131505));
#3088=CARTESIAN_POINT('Ctrl Pts',(0.372106583475738,-13.203360750799,-28.5105732131505));
#3089=CARTESIAN_POINT('Ctrl Pts',(0.371688732219751,-13.1884389232567,-28.5105732131505));
#3090=CARTESIAN_POINT('Ctrl Pts',(0.370129094579026,-13.1327429224194,-28.5105732131505));
#3091=CARTESIAN_POINT('Ctrl Pts',(0.371940293291021,-13.0770248148418,-28.5105732131505));
#3092=CARTESIAN_POINT('Ctrl Pts',(0.37702902365581,-13.0216032118856,-28.5105732131505));
#3093=CARTESIAN_POINT('Ctrl Pts',(0.382106838899327,-12.9663004860311,-28.5105732131505));
#3094=CARTESIAN_POINT('Ctrl Pts',(0.39044857329777,-12.9112918575847,-28.5105732131505));
#3095=CARTESIAN_POINT('Ctrl Pts',(0.402010528647303,-12.8569092961955,-28.5105732131505));
#3096=CARTESIAN_POINT('Ctrl Pts',(0.409623545188456,-12.8211008773867,-28.5105732131505));
#3097=CARTESIAN_POINT('Ctrl Pts',(0.418633714615437,-12.78556424771,-28.5105732131505));
#3098=CARTESIAN_POINT('Ctrl Pts',(0.429038860618177,-12.7504014033911,-28.5105732131505));
#3099=CARTESIAN_POINT('Ctrl Pts',(0.434826366027794,-12.7308432778578,-28.5105732131505));
#3100=CARTESIAN_POINT('Ctrl Pts',(0.441045582916269,-12.7114009121539,-28.5105732131505));
#3101=CARTESIAN_POINT('Ctrl Pts',(0.447697131958837,-12.6920929064858,-28.5105732131505));
#3102=CARTESIAN_POINT('Ctrl Pts',(0.451392427755346,-12.6813662634545,-28.5105732131505));
#3103=CARTESIAN_POINT('Ctrl Pts',(0.455218058873597,-12.6706901909939,-28.5105732131505));
#3104=CARTESIAN_POINT('Ctrl Pts',(0.459172802921627,-12.6600696129791,-28.5105732131505));
#3105=CARTESIAN_POINT('Ctrl Pts',(0.477828999190806,-12.6099678654248,-28.5105732131505));
#3106=CARTESIAN_POINT('Ctrl Pts',(0.499360614804937,-12.5610833364692,-28.5105732131505));
#3107=CARTESIAN_POINT('Ctrl Pts',(0.523739138897178,-12.5137310799458,-28.5105732131505));
#3108=CARTESIAN_POINT('Ctrl Pts',(0.537133926611354,-12.4877133677366,-28.5105732131505));
#3109=CARTESIAN_POINT('Ctrl Pts',(0.551388878279886,-12.4621587773654,-28.5105732131505));
#3110=CARTESIAN_POINT('Ctrl Pts',(0.56650396074822,-12.4371244639298,-28.5105732131505));
#3111=CARTESIAN_POINT('Ctrl Pts',(0.573142987365358,-12.4261285945002,-28.5105732131505));
#3112=CARTESIAN_POINT('Ctrl Pts',(0.579949162606706,-12.4152313519774,-28.5105732131505));
#3113=CARTESIAN_POINT('Ctrl Pts',(0.586918930175608,-12.4044435992981,-28.5105732131505));
#3114=CARTESIAN_POINT('Ctrl Pts',(0.614856333295897,-12.3612023014524,-28.5105732131505));
#3115=CARTESIAN_POINT('Ctrl Pts',(0.645359627151855,-12.3198078645728,-28.5105732131505));
#3116=CARTESIAN_POINT('Ctrl Pts',(0.678413132912622,-12.2805614345108,-28.5105732131505));
#3117=CARTESIAN_POINT('Ctrl Pts',(0.687917439036963,-12.2692763959949,-28.5105732131505));
#3118=CARTESIAN_POINT('Ctrl Pts',(0.697632807768879,-12.2581692073407,-28.5105732131505));
#3119=CARTESIAN_POINT('Ctrl Pts',(0.707559352047916,-12.2472476791941,-28.5105732131505));
#3120=CARTESIAN_POINT('Ctrl Pts',(0.730668593341384,-12.2218220907778,-28.5105732131505));
#3121=CARTESIAN_POINT('Ctrl Pts',(0.754922177027165,-12.1974021525963,-28.5105732131505));
#3122=CARTESIAN_POINT('Ctrl Pts',(0.780236069126649,-12.1740277516,-28.5105732131505));
#3123=CARTESIAN_POINT('Origin',(1.73999999999504,-3.5,-30.0105732131505));
#3124=CARTESIAN_POINT('Origin',(1.73999999999503,-13.,-27.4063614895618));
#3125=CARTESIAN_POINT('Ctrl Pts',(0.19478878025365,-12.9998271004271,-28.6563614895618));
#3126=CARTESIAN_POINT('Ctrl Pts',(0.194760280942312,-12.9862822133076,-28.6570629069573));
#3127=CARTESIAN_POINT('Ctrl Pts',(0.20093186845266,-12.4760158370831,-28.6834880392334));
#3128=CARTESIAN_POINT('Ctrl Pts',(0.757908762897635,-11.4830883703928,-28.73563688639));
#3129=CARTESIAN_POINT('Ctrl Pts',(2.43562741676717,-11.3323385919297,-28.8128080310318));
#3130=CARTESIAN_POINT('Ctrl Pts',(3.50881802240725,-12.6305996119054,-28.8899791756736));
#3131=CARTESIAN_POINT('Ctrl Pts',(3.04490471194767,-14.2499703761437,-28.9671503203153));
#3132=CARTESIAN_POINT('Ctrl Pts',(1.44701444165426,-14.7830595647692,-29.0443214649571));
#3133=CARTESIAN_POINT('Ctrl Pts',(0.349178517722077,-13.9523946575928,-29.1073918547059));
#3134=CARTESIAN_POINT('Ctrl Pts',(0.19863359100871,-13.226460273017,-29.1447385295741));
#3135=CARTESIAN_POINT('Ctrl Pts',(0.199113478728406,-13.0003470151082,-29.1563614895618));
#3136=CARTESIAN_POINT('Ctrl Pts',(0.198764070202596,-13.001298827516,-28.6147849367392));
#3137=CARTESIAN_POINT('Ctrl Pts',(0.200623361647775,-12.6765510679488,-28.6314951253042));
#3138=CARTESIAN_POINT('Ctrl Pts',(0.4560187083828,-11.8482790247667,-28.6739290287497));
#3139=CARTESIAN_POINT('Ctrl Pts',(1.7925549356514,-11.1941225319094,-28.7420866470758));
#3140=CARTESIAN_POINT('Ctrl Pts',(3.25908684657007,-12.0215185736247,-28.8192577917176));
#3141=CARTESIAN_POINT('Ctrl Pts',(3.40605719847287,-13.6998409871821,-28.8964289363593));
#3142=CARTESIAN_POINT('Ctrl Pts',(2.10494740412207,-14.7696907122703,-28.9736000810011));
#3143=CARTESIAN_POINT('Ctrl Pts',(0.578788134708418,-14.3284083310985,-29.0463854144611));
#3144=CARTESIAN_POINT('Ctrl Pts',(0.19947086900186,-13.411955597493,-29.0934470330405));
#3145=CARTESIAN_POINT('Ctrl Pts',(0.196120676251928,-12.9989016336463,-29.1147849367393));
#3146=CARTESIAN_POINT('Ctrl Pts',(2.69811615271738,-12.1747887010635,-28.5105732131505));
#3147=CARTESIAN_POINT('Ctrl Pts',(2.96486878707101,-12.4845033257721,-28.5362969280311));
#3148=CARTESIAN_POINT('Ctrl Pts',(3.17137255065948,-13.3773406953377,-28.5877443577923));
#3149=CARTESIAN_POINT('Ctrl Pts',(2.23710835589209,-14.3956809948335,-28.6649155024341));
#3150=CARTESIAN_POINT('Ctrl Pts',(0.870554242007683,-14.1983790637059,-28.7420866470758));
#3151=CARTESIAN_POINT('Ctrl Pts',(0.259707852126773,-12.9610298136927,-28.8192577917176));
#3152=CARTESIAN_POINT('Ctrl Pts',(0.935168911654357,-11.7568796139739,-28.8964289363593));
#3153=CARTESIAN_POINT('Ctrl Pts',(2.31007185256041,-11.6333390469832,-28.9736000810011));
#3154=CARTESIAN_POINT('Ctrl Pts',(3.18955955238663,-12.6972736288104,-29.0507712256429));
#3155=CARTESIAN_POINT('Ctrl Pts',(2.8093791369128,-14.024360039296,-29.1279423702846));
#3156=CARTESIAN_POINT('Ctrl Pts',(1.49989615130941,-14.4612306024956,-29.2051135149264));
#3157=CARTESIAN_POINT('Ctrl Pts',(0.399067377644866,-13.6283011900402,-29.2822846595681));
#3158=CARTESIAN_POINT('Ctrl Pts',(0.463517308376061,-12.2493639359912,-29.3594558042099));
#3159=CARTESIAN_POINT('Ctrl Pts',(1.63724025014526,-11.5227394412171,-29.4366269488517));
#3160=CARTESIAN_POINT('Ctrl Pts',(2.90026176674139,-12.0798624599957,-29.5137980934934));
#3161=CARTESIAN_POINT('Ctrl Pts',(3.15500799792297,-13.4365924097254,-29.5909692381352));
#3162=CARTESIAN_POINT('Ctrl Pts',(2.18010190726407,-14.4139203552947,-29.6681403827769));
#3163=CARTESIAN_POINT('Ctrl Pts',(0.822744981265964,-14.1625409908219,-29.7453115274187));
#3164=CARTESIAN_POINT('Ctrl Pts',(0.262487514673038,-12.900907021888,-29.8224826720604));
#3165=CARTESIAN_POINT('Ctrl Pts',(0.986201934795243,-11.7253819552549,-29.8996538167023));
#3166=CARTESIAN_POINT('Ctrl Pts',(2.36496574511151,-11.6575162759816,-29.976824961344));
#3167=CARTESIAN_POINT('Ctrl Pts',(3.20064290712724,-12.7562634077005,-30.0539961059857));
#3168=CARTESIAN_POINT('Ctrl Pts',(2.76698491935811,-14.066849627241,-30.1311672506275));
#3169=CARTESIAN_POINT('Ctrl Pts',(1.44092287028542,-14.4502747836437,-30.2083383952693));
#3170=CARTESIAN_POINT('Ctrl Pts',(0.374653678507364,-13.5735248881379,-30.285509539911));
#3171=CARTESIAN_POINT('Ctrl Pts',(0.495096969753299,-12.1981272147303,-30.3626806845528));
#3172=CARTESIAN_POINT('Ctrl Pts',(1.69693083545616,-11.5200698146613,-30.4398518291945));
#3173=CARTESIAN_POINT('Ctrl Pts',(2.9370807846485,-12.1270511172723,-30.5170229738364));
#3174=CARTESIAN_POINT('Ctrl Pts',(3.13514231888885,-13.4947638721503,-30.5941941184781));
#3175=CARTESIAN_POINT('Ctrl Pts',(2.46147128164152,-14.1160284747498,-30.6456415482393));
#3176=CARTESIAN_POINT('Ctrl Pts',(2.06658506352616,-14.2215983162555,-30.6713652631198));
#3177=CARTESIAN_POINT('Ctrl Pts',(2.76845629995165,-12.1142057705893,-28.4569758631608));
#3178=CARTESIAN_POINT('Ctrl Pts',(3.05479259284422,-12.4466581105955,-28.4826995780413));
#3179=CARTESIAN_POINT('Ctrl Pts',(3.27645684098769,-13.4050431821313,-28.5341470078025));
#3180=CARTESIAN_POINT('Ctrl Pts',(2.27360359172109,-14.4981449877322,-28.6113181524443));
#3181=CARTESIAN_POINT('Ctrl Pts',(0.806723836419317,-14.2863581250587,-28.6884892970861));
#3182=CARTESIAN_POINT('Ctrl Pts',(0.151032127022959,-12.9581688154361,-28.7656604417278));
#3183=CARTESIAN_POINT('Ctrl Pts',(0.876082195402117,-11.6656158661135,-28.8428315863696));
#3184=CARTESIAN_POINT('Ctrl Pts',(2.351923707296,-11.5330055619654,-28.9200027310113));
#3185=CARTESIAN_POINT('Ctrl Pts',(3.2959790423935,-12.6750489565087,-28.9971738756531));
#3186=CARTESIAN_POINT('Ctrl Pts',(2.88788766192443,-14.0995634849119,-29.0743450202948));
#3187=CARTESIAN_POINT('Ctrl Pts',(1.48226891475769,-14.5685069232535,-29.1515161649366));
#3188=CARTESIAN_POINT('Ctrl Pts',(0.300622739362404,-13.6744279546181,-29.2286873095784));
#3189=CARTESIAN_POINT('Ctrl Pts',(0.36980426511367,-12.1942559502718,-29.3058584542201));
#3190=CARTESIAN_POINT('Ctrl Pts',(1.62969613776009,-11.4142862803838,-29.3830295988619));
#3191=CARTESIAN_POINT('Ctrl Pts',(2.98544244475348,-12.0123105145914,-29.4602007435036));
#3192=CARTESIAN_POINT('Ctrl Pts',(3.25889088376004,-13.4686448642155,-29.5373718881454));
#3193=CARTESIAN_POINT('Ctrl Pts',(2.21241201169914,-14.5177233917912,-29.6145430327872));
#3194=CARTESIAN_POINT('Ctrl Pts',(0.755404656311159,-14.2478889981881,-29.691714177429));
#3195=CARTESIAN_POINT('Ctrl Pts',(0.154015858639777,-12.8936321057408,-29.7688853220707));
#3196=CARTESIAN_POINT('Ctrl Pts',(0.930861810593808,-11.6318058051398,-29.8460564667125));
#3197=CARTESIAN_POINT('Ctrl Pts',(2.41084763782666,-11.5589577634894,-29.9232276113542));
#3198=CARTESIAN_POINT('Ctrl Pts',(3.30787608219942,-12.7383694730872,-30.000398755996));
#3199=CARTESIAN_POINT('Ctrl Pts',(2.8423810706808,-14.145172448168,-30.0775699006377));
#3200=CARTESIAN_POINT('Ctrl Pts',(1.41896610723702,-14.5567467823901,-30.1547410452795));
#3201=CARTESIAN_POINT('Ctrl Pts',(0.274416707231678,-13.6156302476598,-30.2319121899213));
#3202=CARTESIAN_POINT('Ctrl Pts',(0.403702348975041,-12.139257682452,-30.309083334563));
#3203=CARTESIAN_POINT('Ctrl Pts',(1.69376891049924,-11.4114206630554,-30.3862544792048));
#3204=CARTESIAN_POINT('Ctrl Pts',(3.02496453277714,-12.0629635295988,-30.4634256238466));
#3205=CARTESIAN_POINT('Ctrl Pts',(3.23756676486537,-13.531086987583,-30.5405967684883));
#3206=CARTESIAN_POINT('Ctrl Pts',(2.51443813334537,-14.1979617633271,-30.5920441982495));
#3207=CARTESIAN_POINT('Ctrl Pts',(2.09056132296821,-14.3112820202432,-30.6177679131301));
#3208=CARTESIAN_POINT('Ctrl Pts',(2.83879644718591,-12.0536228401151,-28.403378513171));
#3209=CARTESIAN_POINT('Ctrl Pts',(3.14471639861742,-12.4088128954189,-28.4291022280516));
#3210=CARTESIAN_POINT('Ctrl Pts',(3.38154113131589,-13.4327456689249,-28.4805496578128));
#3211=CARTESIAN_POINT('Ctrl Pts',(2.3100988275501,-14.6006089806308,-28.5577208024545));
#3212=CARTESIAN_POINT('Ctrl Pts',(0.742893430830945,-14.3743371864116,-28.6348919470963));
#3213=CARTESIAN_POINT('Ctrl Pts',(0.0423564019191486,-12.9553078171794,
-28.712063091738));
#3214=CARTESIAN_POINT('Ctrl Pts',(0.816995479149874,-11.5743521182531,-28.7892342363798));
#3215=CARTESIAN_POINT('Ctrl Pts',(2.39377556203159,-11.4326720769476,-28.8664053810216));
#3216=CARTESIAN_POINT('Ctrl Pts',(3.40239853240038,-12.6528242842071,-28.9435765256633));
#3217=CARTESIAN_POINT('Ctrl Pts',(2.96639618693605,-14.1747669305278,-29.0207476703051));
#3218=CARTESIAN_POINT('Ctrl Pts',(1.46464167820598,-14.6757832440114,-29.0979188149468));
#3219=CARTESIAN_POINT('Ctrl Pts',(0.20217810107994,-13.720554719196,-29.1750899595886));
#3220=CARTESIAN_POINT('Ctrl Pts',(0.276091221851279,-12.1391479645524,-29.2522611042304));
#3221=CARTESIAN_POINT('Ctrl Pts',(1.62215202537491,-11.3058331195505,-29.3294322488721));
#3222=CARTESIAN_POINT('Ctrl Pts',(3.07062312276557,-11.9447585691871,-29.4066033935139));
#3223=CARTESIAN_POINT('Ctrl Pts',(3.36277376959711,-13.5006973187057,-29.4837745381557));
#3224=CARTESIAN_POINT('Ctrl Pts',(2.2447221161342,-14.6215264282877,-29.5609456827974));
#3225=CARTESIAN_POINT('Ctrl Pts',(0.688064331356355,-14.3332370055544,-29.6381168274392));
#3226=CARTESIAN_POINT('Ctrl Pts',(0.0455442026065172,-12.8863571895937,
-29.7152879720809));
#3227=CARTESIAN_POINT('Ctrl Pts',(0.875521686392373,-11.5382296550248,-29.7924591167227));
#3228=CARTESIAN_POINT('Ctrl Pts',(2.45672953054182,-11.4603992509972,-29.8696302613644));
#3229=CARTESIAN_POINT('Ctrl Pts',(3.4151092572716,-12.720475538474,-29.9468014060063));
#3230=CARTESIAN_POINT('Ctrl Pts',(2.91777722200349,-14.223495269095,-30.023972550648));
#3231=CARTESIAN_POINT('Ctrl Pts',(1.39700934418861,-14.6632187811366,-30.1011436952897));
#3232=CARTESIAN_POINT('Ctrl Pts',(0.174179735955991,-13.6577356071817,-30.1783148399315));
#3233=CARTESIAN_POINT('Ctrl Pts',(0.312307728196784,-12.0803881501738,-30.2554859845732));
#3234=CARTESIAN_POINT('Ctrl Pts',(1.69060698554232,-11.3027715114496,-30.3326571292151));
#3235=CARTESIAN_POINT('Ctrl Pts',(3.11284828090578,-11.9988759419252,-30.4098282738567));
#3236=CARTESIAN_POINT('Ctrl Pts',(3.33999121084189,-13.5674101030157,-30.4869994184986));
#3237=CARTESIAN_POINT('Ctrl Pts',(2.56740498504922,-14.2798950519043,-30.5384468482597));
#3238=CARTESIAN_POINT('Ctrl Pts',(2.11453758241026,-14.4009657242309,-30.5641705631403));
#3239=CARTESIAN_POINT('Ctrl Pts',(2.90913659442017,-11.9930399096409,-28.3497811631812));
#3240=CARTESIAN_POINT('Ctrl Pts',(3.23464020439063,-12.3709676802423,-28.3755048780618));
#3241=CARTESIAN_POINT('Ctrl Pts',(3.4866254216441,-13.4604481557185,-28.426952307823));
#3242=CARTESIAN_POINT('Ctrl Pts',(2.3465940633791,-14.7030729735295,-28.5041234524648));
#3243=CARTESIAN_POINT('Ctrl Pts',(0.679063025242576,-14.4623162477644,-28.5812945971065));
#3244=CARTESIAN_POINT('Ctrl Pts',(-0.0663193231846637,-12.9524468189228,
-28.6584657417483));
#3245=CARTESIAN_POINT('Ctrl Pts',(0.757908762897635,-11.4830883703928,-28.73563688639));
#3246=CARTESIAN_POINT('Ctrl Pts',(2.43562741676717,-11.3323385919297,-28.8128080310318));
#3247=CARTESIAN_POINT('Ctrl Pts',(3.50881802240725,-12.6305996119054,-28.8899791756736));
#3248=CARTESIAN_POINT('Ctrl Pts',(3.04490471194767,-14.2499703761437,-28.9671503203153));
#3249=CARTESIAN_POINT('Ctrl Pts',(1.44701444165426,-14.7830595647692,-29.0443214649571));
#3250=CARTESIAN_POINT('Ctrl Pts',(0.103733462797478,-13.7666814837739,-29.1214926095988));
#3251=CARTESIAN_POINT('Ctrl Pts',(0.182378178588886,-12.084039978833,-29.1986637542406));
#3252=CARTESIAN_POINT('Ctrl Pts',(1.61460791298974,-11.1973799587173,-29.2758348988824));
#3253=CARTESIAN_POINT('Ctrl Pts',(3.15580380077766,-11.8772066237828,-29.3530060435241));
#3254=CARTESIAN_POINT('Ctrl Pts',(3.46665665543418,-13.5327497731959,-29.4301771881659));
#3255=CARTESIAN_POINT('Ctrl Pts',(2.27703222056927,-14.7253294647842,-29.5073483328076));
#3256=CARTESIAN_POINT('Ctrl Pts',(0.620724006401552,-14.4185850129207,-29.5845194774494));
#3257=CARTESIAN_POINT('Ctrl Pts',(-0.0629274534267441,-12.8790822734465,
-29.6616906220911));
#3258=CARTESIAN_POINT('Ctrl Pts',(0.820181562190939,-11.4446535049097,-29.738861766733));
#3259=CARTESIAN_POINT('Ctrl Pts',(2.50261142325697,-11.361840738505,-29.8160329113747));
#3260=CARTESIAN_POINT('Ctrl Pts',(3.52234243234378,-12.7025816038607,-29.8932040560165));
#3261=CARTESIAN_POINT('Ctrl Pts',(2.99317337332618,-14.301818090022,-29.9703752006582));
#3262=CARTESIAN_POINT('Ctrl Pts',(1.37505258114021,-14.7696907798831,-30.0475463452999));
#3263=CARTESIAN_POINT('Ctrl Pts',(0.0739427646803043,-13.6998409667036,
-30.1247174899418));
#3264=CARTESIAN_POINT('Ctrl Pts',(0.220913107418525,-12.0215186178955,-30.2018886345835));
#3265=CARTESIAN_POINT('Ctrl Pts',(1.6874450605854,-11.1941223598437,-30.2790597792253));
#3266=CARTESIAN_POINT('Ctrl Pts',(3.20073202903441,-11.9347883542516,-30.356230923867));
#3267=CARTESIAN_POINT('Ctrl Pts',(3.44241565681841,-13.6037332184483,-30.4334020685088));
#3268=CARTESIAN_POINT('Ctrl Pts',(2.62037183675307,-14.3618283404816,-30.4848494982699));
#3269=CARTESIAN_POINT('Ctrl Pts',(2.1385138418523,-14.4906494282185,-30.5105732131505));
#3270=CARTESIAN_POINT('Ctrl Pts',(2.1385138418523,-14.4906494282185,-30.5105732131505));
#3271=CARTESIAN_POINT('Ctrl Pts',(2.19501651977681,-14.4700035822635,-30.5105732131505));
#3272=CARTESIAN_POINT('Ctrl Pts',(2.25001228458216,-14.445869779439,-30.5105732131505));
#3273=CARTESIAN_POINT('Ctrl Pts',(2.30331054588358,-14.4185311187155,-30.5105732131505));
#3274=CARTESIAN_POINT('Ctrl Pts',(2.35715692023294,-14.3909113104218,-30.5105732131505));
#3275=CARTESIAN_POINT('Ctrl Pts',(2.40927145886372,-14.3600195112787,-30.5105732131505));
#3276=CARTESIAN_POINT('Ctrl Pts',(2.45942615354056,-14.3261032287989,-30.5105732131505));
#3277=CARTESIAN_POINT('Ctrl Pts',(2.4965954566858,-14.3009681025027,-30.5105732131505));
#3278=CARTESIAN_POINT('Ctrl Pts',(2.53268777695214,-14.2741708835996,-30.5105732131505));
#3279=CARTESIAN_POINT('Ctrl Pts',(2.56759561796057,-14.2458011275166,-30.5105732131505));
#3280=CARTESIAN_POINT('Ctrl Pts',(2.58478258389421,-14.23183320463,-30.5105732131505));
#3281=CARTESIAN_POINT('Ctrl Pts',(2.60168220889137,-14.2174839600955,-30.5105732131505));
#3282=CARTESIAN_POINT('Ctrl Pts',(2.61828034831872,-14.2027634969635,-30.5105732131505));
#3283=CARTESIAN_POINT('Ctrl Pts',(2.62589867956647,-14.1960069948416,-30.5105732131505));
#3284=CARTESIAN_POINT('Ctrl Pts',(2.63345524016546,-14.1891706574219,-30.5105732131505));
#3285=CARTESIAN_POINT('Ctrl Pts',(2.64094281608714,-14.1822607939487,-30.5105732131505));
#3286=CARTESIAN_POINT('Ctrl Pts',(2.68444572258185,-14.1421144037538,-30.5105732131505));
#3287=CARTESIAN_POINT('Ctrl Pts',(2.72550558093694,-14.0995997576901,-30.5105732131505));
#3288=CARTESIAN_POINT('Ctrl Pts',(2.76391680883475,-14.0549566153492,-30.5105732131505));
#3289=CARTESIAN_POINT('Ctrl Pts',(2.80164677530667,-14.0111052636505,-30.5105732131505));
#3290=CARTESIAN_POINT('Ctrl Pts',(2.83682170649113,-13.9651993126798,-30.5105732131505));
#3291=CARTESIAN_POINT('Ctrl Pts',(2.86920421647045,-13.9174414659008,-30.5105732131505));
#3292=CARTESIAN_POINT('Ctrl Pts',(2.89229828333584,-13.883382249751,-30.5105732131505));
#3293=CARTESIAN_POINT('Ctrl Pts',(2.91397125298196,-13.8483806230375,-30.5105732131505));
#3294=CARTESIAN_POINT('Ctrl Pts',(2.93412141788041,-13.8125060922999,-30.5105732131505));
#3295=CARTESIAN_POINT('Ctrl Pts',(2.94688596215468,-13.789780618924,-30.5105732131505));
#3296=CARTESIAN_POINT('Ctrl Pts',(2.95903915783636,-13.7667048077249,-30.5105732131505));
#3297=CARTESIAN_POINT('Ctrl Pts',(2.97055211717059,-13.7432961011861,-30.5105732131505));
#3298=CARTESIAN_POINT('Ctrl Pts',(2.97511940731501,-13.7340096656516,-30.5105732131505));
#3299=CARTESIAN_POINT('Ctrl Pts',(2.979585886101,-13.7246706425581,-30.5105732131505));
#3300=CARTESIAN_POINT('Ctrl Pts',(2.9839436724165,-13.7152937184064,-30.5105732131505));
#3301=CARTESIAN_POINT('Ctrl Pts',(3.00748510818321,-13.6646381236557,-30.5105732131505));
#3302=CARTESIAN_POINT('Ctrl Pts',(3.02790687929755,-13.6127809888387,-30.5105732131505));
#3303=CARTESIAN_POINT('Ctrl Pts',(3.04499471822481,-13.5599112490006,-30.5105732131505));
#3304=CARTESIAN_POINT('Ctrl Pts',(3.05453119722575,-13.5304054018366,-30.5105732131505));
#3305=CARTESIAN_POINT('Ctrl Pts',(3.06302843816006,-13.500583895993,-30.5105732131505));
#3306=CARTESIAN_POINT('Ctrl Pts',(3.07044217654505,-13.4704783684227,-30.5105732131505));
#3307=CARTESIAN_POINT('Ctrl Pts',(3.08339150882427,-13.4178940365102,-30.5105732131505));
#3308=CARTESIAN_POINT('Ctrl Pts',(3.09303742323423,-13.3644424765336,-30.5105732131505));
#3309=CARTESIAN_POINT('Ctrl Pts',(3.09942918317247,-13.3104203380732,-30.5105732131505));
#3310=CARTESIAN_POINT('Ctrl Pts',(3.10246183555588,-13.2847888424379,-30.5105732131505));
#3311=CARTESIAN_POINT('Ctrl Pts',(3.10476131255386,-13.2590290180163,-30.5105732131505));
#3312=CARTESIAN_POINT('Ctrl Pts',(3.10632968299974,-13.2331736438238,-30.5105732131505));
#3313=CARTESIAN_POINT('Ctrl Pts',(3.10723274919336,-13.2182861442423,-30.5105732131505));
#3314=CARTESIAN_POINT('Ctrl Pts',(3.10789339084323,-13.2033605151829,-30.5105732131505));
#3315=CARTESIAN_POINT('Ctrl Pts',(3.10831124269644,-13.1884386919936,-30.5105732131505));
#3316=CARTESIAN_POINT('Ctrl Pts',(3.10987088275022,-13.1327427008366,-30.5105732131505));
#3317=CARTESIAN_POINT('Ctrl Pts',(3.10805968686876,-13.0770246051191,-30.5105732131505));
#3318=CARTESIAN_POINT('Ctrl Pts',(3.10297095960608,-13.0216030154408,-30.5105732131505));
#3319=CARTESIAN_POINT('Ctrl Pts',(3.09789314736657,-12.9663003018399,-30.5105732131505));
#3320=CARTESIAN_POINT('Ctrl Pts',(3.08955141612554,-12.9112916870714,-30.5105732131505));
#3321=CARTESIAN_POINT('Ctrl Pts',(3.07798946394646,-12.8569091400562,-30.5105732131505));
#3322=CARTESIAN_POINT('Ctrl Pts',(3.07037644944954,-12.8211007305078,-30.5105732131505));
#3323=CARTESIAN_POINT('Ctrl Pts',(3.0613662820565,-12.7855641103968,-30.5105732131505));
#3324=CARTESIAN_POINT('Ctrl Pts',(3.05096113803594,-12.7504012757388,-30.5105732131505));
#3325=CARTESIAN_POINT('Ctrl Pts',(3.04517363208678,-12.7308431500299,-30.5105732131505));
#3326=CARTESIAN_POINT('Ctrl Pts',(3.03895441439777,-12.7114007842454,-30.5105732131505));
#3327=CARTESIAN_POINT('Ctrl Pts',(3.03230286428567,-12.6920927785707,-30.5105732131505));
#3328=CARTESIAN_POINT('Ctrl Pts',(3.0286075702255,-12.6813661423008,-30.5105732131505));
#3329=CARTESIAN_POINT('Ctrl Pts',(3.02478194093477,-12.6706900765869,-30.5105732131505));
#3330=CARTESIAN_POINT('Ctrl Pts',(3.02082719879111,-12.6600695052578,-30.5105732131505));
#3331=CARTESIAN_POINT('Ctrl Pts',(3.00217100386661,-12.609967768728,-30.5105732131505));
#3332=CARTESIAN_POINT('Ctrl Pts',(2.98063938904128,-12.5610832507048,-30.5105732131505));
#3333=CARTESIAN_POINT('Ctrl Pts',(2.95626086505174,-12.5137310044076,-30.5105732131505));
#3334=CARTESIAN_POINT('Ctrl Pts',(2.94286607705309,-12.487713297155,-30.5105732131505));
#3335=CARTESIAN_POINT('Ctrl Pts',(2.9286111248489,-12.4621587115507,-30.5105732131505));
#3336=CARTESIAN_POINT('Ctrl Pts',(2.91349604156976,-12.4371244025921,-30.5105732131505));
#3337=CARTESIAN_POINT('Ctrl Pts',(2.90685701619108,-12.4261285377699,-30.5105732131505));
#3338=CARTESIAN_POINT('Ctrl Pts',(2.90005084220943,-12.4152312997427,-30.5105732131505));
#3339=CARTESIAN_POINT('Ctrl Pts',(2.89308107593844,-12.4044435514624,-30.5105732131505));
#3340=CARTESIAN_POINT('Ctrl Pts',(2.86514367077788,-12.3612022600391,-30.5105732131505));
#3341=CARTESIAN_POINT('Ctrl Pts',(2.83464037391974,-12.3198078285805,-30.5105732131505));
#3342=CARTESIAN_POINT('Ctrl Pts',(2.80158686406696,-12.2805614024046,-30.5105732131505));
#3343=CARTESIAN_POINT('Ctrl Pts',(2.79208256763476,-12.2692763779112,-30.5105732131505));
#3344=CARTESIAN_POINT('Ctrl Pts',(2.78236720898742,-12.2581692027459,-30.5105732131505));
#3345=CARTESIAN_POINT('Ctrl Pts',(2.77244067518249,-12.2472476875144,-30.5105732131505));
#3346=CARTESIAN_POINT('Ctrl Pts',(2.74933143471619,-12.2218221032469,-30.5105732131505));
#3347=CARTESIAN_POINT('Ctrl Pts',(2.72507785163562,-12.1974021681562,-30.5105732131505));
#3348=CARTESIAN_POINT('Ctrl Pts',(2.69976395993981,-12.1740277693246,-30.5105732131505));
#3349=CARTESIAN_POINT('Ctrl Pts',(0.477232011568818,-13.0002843814675,-29.3171535395311));
#3350=CARTESIAN_POINT('Ctrl Pts',(0.476838740005928,-13.1855858815489,-29.3055305795435));
#3351=CARTESIAN_POINT('Ctrl Pts',(0.515234550025538,-13.3707321985015,-29.2939076195558));
#3352=CARTESIAN_POINT('Ctrl Pts',(0.593280495044158,-13.5372998831079,-29.2822846595681));
#3353=CARTESIAN_POINT('Ctrl Pts',(0.766010302199717,-13.9059443275253,-29.2565609446876));
#3354=CARTESIAN_POINT('Ctrl Pts',(1.13295322675456,-14.1835874650105,-29.230837229807));
#3355=CARTESIAN_POINT('Ctrl Pts',(1.53467185329922,-14.2495972732198,-29.2051135149264));
#3356=CARTESIAN_POINT('Ctrl Pts',(1.93639047984387,-14.3156070814291,-29.1793898000458));
#3357=CARTESIAN_POINT('Ctrl Pts',(2.37288480837834,-14.1699835603625,-29.1536660851652));
#3358=CARTESIAN_POINT('Ctrl Pts',(2.65449537522454,-13.875990731415,-29.1279423702846));
#3359=CARTESIAN_POINT('Ctrl Pts',(2.93610594207075,-13.5819979024674,-29.102218655404));
#3360=CARTESIAN_POINT('Ctrl Pts',(3.06283274722869,-13.1396357656389,-29.0764949405235));
#3361=CARTESIAN_POINT('Ctrl Pts',(2.97961486650329,-12.7411322669201,-29.0507712256429));
#3362=CARTESIAN_POINT('Ctrl Pts',(2.89639698577789,-12.3426287682013,-29.0250475107623));
#3363=CARTESIAN_POINT('Ctrl Pts',(2.60323441916915,-11.9879839075923,-28.9993237958817));
#3364=CARTESIAN_POINT('Ctrl Pts',(2.22750264571377,-11.8312515717862,-28.9736000810011));
#3365=CARTESIAN_POINT('Ctrl Pts',(1.85177087225839,-11.6745192359801,-28.9478763661205));
#3366=CARTESIAN_POINT('Ctrl Pts',(1.39346989195637,-11.715699424977,-28.9221526512399));
#3367=CARTESIAN_POINT('Ctrl Pts',(1.05174255855077,-11.9369812194286,-28.8964289363593));
#3368=CARTESIAN_POINT('Ctrl Pts',(0.710015225145162,-12.1582630138801,-28.8707052214787));
#3369=CARTESIAN_POINT('Ctrl Pts',(0.484861538635968,-12.5596464137864,-28.8449815065982));
#3370=CARTESIAN_POINT('Ctrl Pts',(0.474092427028189,-12.9665629887417,-28.8192577917176));
#3371=CARTESIAN_POINT('Ctrl Pts',(0.473798781952014,-12.9776585231741,-28.8185563743221));
#3372=CARTESIAN_POINT('Ctrl Pts',(0.473664533538672,-12.9887581715668,-28.8178549569266));
#3373=CARTESIAN_POINT('Ctrl Pts',(0.473687888936719,-12.9998583075113,-28.8171535395311));
#3374=CARTESIAN_POINT('Ctrl Pts',(1.34148615813784,-14.4906494282185,-28.5105732131505));
#3375=CARTESIAN_POINT('Ctrl Pts',(0.859628163237065,-14.3618283404816,-28.5362969280311));
#3376=CARTESIAN_POINT('Ctrl Pts',(0.0375842603294042,-13.6037337546732,
-28.5877443577923));
#3377=CARTESIAN_POINT('Ctrl Pts',(0.279268042027735,-11.934788162083,-28.6649155024341));
#3378=CARTESIAN_POINT('Ctrl Pts',(1.7925549356514,-11.1941225319094,-28.7420866470758));
#3379=CARTESIAN_POINT('Ctrl Pts',(3.25908684657007,-12.0215185736247,-28.8192577917176));
#3380=CARTESIAN_POINT('Ctrl Pts',(3.40605719847287,-13.6998409871821,-28.8964289363593));
#3381=CARTESIAN_POINT('Ctrl Pts',(2.10494740412207,-14.7696907122703,-28.9736000810011));
#3382=CARTESIAN_POINT('Ctrl Pts',(0.486826662928346,-14.3018180675156,-29.0507712256428));
#3383=CARTESIAN_POINT('Ctrl Pts',(-0.0423423878586078,-12.7025816054119,
-29.1279423702846));
#3384=CARTESIAN_POINT('Ctrl Pts',(0.977388597982341,-11.3618407847174,-29.2051135149264));
#3385=CARTESIAN_POINT('Ctrl Pts',(2.65981841297724,-11.4446535438558,-29.2822846595682));
#3386=CARTESIAN_POINT('Ctrl Pts',(3.54292740664559,-12.8790822775305,-29.3594558042099));
#3387=CARTESIAN_POINT('Ctrl Pts',(2.85927596405932,-14.4185849753346,-29.4366269488517));
#3388=CARTESIAN_POINT('Ctrl Pts',(1.20296779359913,-14.7253294198035,-29.5137980934934));
#3389=CARTESIAN_POINT('Ctrl Pts',(0.0133433896995166,-13.5327497592672,
-29.5909692381352));
#3390=CARTESIAN_POINT('Ctrl Pts',(0.324196236270108,-11.8772066529552,-29.668140382777));
#3391=CARTESIAN_POINT('Ctrl Pts',(1.86539208378232,-11.1973800064071,-29.7453115274187));
#3392=CARTESIAN_POINT('Ctrl Pts',(3.29762178045988,-12.0840400018121,-29.8224826720605));
#3393=CARTESIAN_POINT('Ctrl Pts',(3.37626649474189,-13.7666814655841,-29.8996538167022));
#3394=CARTESIAN_POINT('Ctrl Pts',(2.03298554985282,-14.7830595146179,-29.976824961344));
#3395=CARTESIAN_POINT('Ctrl Pts',(0.435095323928177,-14.2499703497916,-30.0539961059857));
#3396=CARTESIAN_POINT('Ctrl Pts',(-0.028817979776091,-12.6305996100662,
-30.1311672506275));
#3397=CARTESIAN_POINT('Ctrl Pts',(1.0443726091516,-11.3323386560865,-30.2083383952693));
#3398=CARTESIAN_POINT('Ctrl Pts',(2.72209119512083,-11.48308837423,-30.2855095399111));
#3399=CARTESIAN_POINT('Ctrl Pts',(3.54631931011484,-12.9524468814164,-30.3626806845528));
#3400=CARTESIAN_POINT('Ctrl Pts',(2.80093687469682,-14.4623161077268,-30.4398518291946));
#3401=CARTESIAN_POINT('Ctrl Pts',(1.1334061036045,-14.7030730922445,-30.5170229738363));
#3402=CARTESIAN_POINT('Ctrl Pts',(-0.00662579222922361,-13.4604477593931,
-30.5941941184781));
#3403=CARTESIAN_POINT('Ctrl Pts',(0.245359795599399,-12.3709676802424,-30.6456415482393));
#3404=CARTESIAN_POINT('Ctrl Pts',(0.570863405569833,-11.993039909641,-30.6713652631198));
#3405=CARTESIAN_POINT('Ctrl Pts',(1.36546241757988,-14.4009657242309,-28.4569758631608));
#3406=CARTESIAN_POINT('Ctrl Pts',(0.91259501494091,-14.2798950519044,-28.4826995780413));
#3407=CARTESIAN_POINT('Ctrl Pts',(0.14000871129006,-13.567410606979,-28.5341470078025));
#3408=CARTESIAN_POINT('Ctrl Pts',(0.367151785880381,-11.9988757613183,-28.6113181524443));
#3409=CARTESIAN_POINT('Ctrl Pts',(1.78939301092029,-11.302771673163,-28.688489297086));
#3410=CARTESIAN_POINT('Ctrl Pts',(3.16769222855945,-12.0803881085665,-28.7656604417278));
#3411=CARTESIAN_POINT('Ctrl Pts',(3.30582022941344,-13.6577356264281,-28.8428315863696));
#3412=CARTESIAN_POINT('Ctrl Pts',(2.08299064195975,-14.6632187175917,-28.9200027310113));
#3413=CARTESIAN_POINT('Ctrl Pts',(0.562222812069214,-14.2234952479427,-28.9971738756531));
#3414=CARTESIAN_POINT('Ctrl Pts',(0.0648907845365614,-12.7204755399319,
-29.0743450202948));
#3415=CARTESIAN_POINT('Ctrl Pts',(1.02327048941905,-11.4603992944293,-29.1515161649366));
#3416=CARTESIAN_POINT('Ctrl Pts',(2.60447829026919,-11.5382296916277,-29.2286873095784));
#3417=CARTESIAN_POINT('Ctrl Pts',(3.43445575342628,-12.8863571934319,-29.3058584542201));
#3418=CARTESIAN_POINT('Ctrl Pts',(2.79193564088112,-14.3332369702297,-29.3830295988619));
#3419=CARTESIAN_POINT('Ctrl Pts',(1.23527789718117,-14.6215263860131,-29.4602007435037));
#3420=CARTESIAN_POINT('Ctrl Pts',(0.117226272820559,-13.500697305615,-29.5373718881454));
#3421=CARTESIAN_POINT('Ctrl Pts',(0.40937691205265,-11.9447585966044,-29.6145430327872));
#3422=CARTESIAN_POINT('Ctrl Pts',(1.85784797159075,-11.3058331643712,-29.6917141774289));
#3423=CARTESIAN_POINT('Ctrl Pts',(3.20390873966069,-12.1391479861489,-29.7688853220707));
#3424=CARTESIAN_POINT('Ctrl Pts',(3.27782185901345,-13.7205547021006,-29.8460564667125));
#3425=CARTESIAN_POINT('Ctrl Pts',(2.01535831381147,-14.6757831968773,-29.9232276113542));
#3426=CARTESIAN_POINT('Ctrl Pts',(0.513603846780765,-14.1747669057611,-30.000398755996));
#3427=CARTESIAN_POINT('Ctrl Pts',(0.0776015076653119,-12.6528242824785,
-30.0775699006378));
#3428=CARTESIAN_POINT('Ctrl Pts',(1.08622446232721,-11.4326721372444,-30.1547410452795));
#3429=CARTESIAN_POINT('Ctrl Pts',(2.66300448139378,-11.5743521218595,-30.2319121899213));
#3430=CARTESIAN_POINT('Ctrl Pts',(3.43764358579676,-12.9553078759131,-30.309083334563));
#3431=CARTESIAN_POINT('Ctrl Pts',(2.73710647512791,-14.3743370547992,-30.3862544792048));
#3432=CARTESIAN_POINT('Ctrl Pts',(1.16990132938648,-14.6006090922034,-30.4634256238466));
#3433=CARTESIAN_POINT('Ctrl Pts',(0.0984585203943348,-13.4327452964441,
-30.5405967684883));
#3434=CARTESIAN_POINT('Ctrl Pts',(0.335283601372609,-12.408812895419,-30.5920441982495));
#3435=CARTESIAN_POINT('Ctrl Pts',(0.641203552804099,-12.0536228401152,-30.6177679131301));
#3436=CARTESIAN_POINT('Ctrl Pts',(1.38943867702193,-14.3112820202432,-28.403378513171));
#3437=CARTESIAN_POINT('Ctrl Pts',(0.965561866644754,-14.1979617633271,-28.4291022280516));
#3438=CARTESIAN_POINT('Ctrl Pts',(0.242433162250717,-13.5310874592848,-28.4805496578127));
#3439=CARTESIAN_POINT('Ctrl Pts',(0.455035529733024,-12.0629633605535,-28.5577208024545));
#3440=CARTESIAN_POINT('Ctrl Pts',(1.78623108618919,-11.4114208144167,-28.6348919470963));
#3441=CARTESIAN_POINT('Ctrl Pts',(3.07629761054883,-12.1392576435083,-28.712063091738));
#3442=CARTESIAN_POINT('Ctrl Pts',(3.20558326035402,-13.6156302656741,-28.7892342363798));
#3443=CARTESIAN_POINT('Ctrl Pts',(2.06103387979743,-14.5567467229131,-28.8664053810216));
#3444=CARTESIAN_POINT('Ctrl Pts',(0.63761896121008,-14.1451724283697,-28.9435765256633));
#3445=CARTESIAN_POINT('Ctrl Pts',(0.172123956931732,-12.7383694744518,-29.0207476703051));
#3446=CARTESIAN_POINT('Ctrl Pts',(1.06915238085576,-11.5589578041411,-29.0979188149468));
#3447=CARTESIAN_POINT('Ctrl Pts',(2.54913816756115,-11.6318058393996,-29.1750899595886));
#3448=CARTESIAN_POINT('Ctrl Pts',(3.32598410020697,-12.8936321093334,-29.2522611042304));
#3449=CARTESIAN_POINT('Ctrl Pts',(2.72459531770291,-14.2478889651248,-29.3294322488721));
#3450=CARTESIAN_POINT('Ctrl Pts',(1.26758800076321,-14.5177233522229,-29.4066033935139));
#3451=CARTESIAN_POINT('Ctrl Pts',(0.221109155941601,-13.4686448519629,-29.4837745381556));
#3452=CARTESIAN_POINT('Ctrl Pts',(0.494557587835192,-12.0123105402535,-29.5609456827974));
#3453=CARTESIAN_POINT('Ctrl Pts',(1.85030385939919,-11.4142863223353,-29.6381168274392));
#3454=CARTESIAN_POINT('Ctrl Pts',(3.11019569886149,-12.1942559704858,-29.7152879720809));
#3455=CARTESIAN_POINT('Ctrl Pts',(3.17937722328499,-13.6744279386171,-29.7924591167227));
#3456=CARTESIAN_POINT('Ctrl Pts',(1.99773107777012,-14.5685068791368,-29.8696302613645));
#3457=CARTESIAN_POINT('Ctrl Pts',(0.592112369633351,-14.0995634617306,-29.9468014060062));
#3458=CARTESIAN_POINT('Ctrl Pts',(0.184020995106716,-12.6750489548908,-30.023972550648));
#3459=CARTESIAN_POINT('Ctrl Pts',(1.12807631550282,-11.5330056184023,-30.1011436952898));
#3460=CARTESIAN_POINT('Ctrl Pts',(2.60391776766672,-11.665615869489,-30.1783148399315));
#3461=CARTESIAN_POINT('Ctrl Pts',(3.32896786147869,-12.9581688704099,-30.2554859845733));
#3462=CARTESIAN_POINT('Ctrl Pts',(2.67327607555901,-14.2863580018716,-30.332657129215));
#3463=CARTESIAN_POINT('Ctrl Pts',(1.20639655516846,-14.4981450921623,-30.4098282738568));
#3464=CARTESIAN_POINT('Ctrl Pts',(0.203542833017894,-13.4050428334951,-30.4869994184986));
#3465=CARTESIAN_POINT('Ctrl Pts',(0.425207407145817,-12.4466581105956,-30.5384468482597));
#3466=CARTESIAN_POINT('Ctrl Pts',(0.711543700038365,-12.1142057705893,-30.5641705631403));
#3467=CARTESIAN_POINT('Ctrl Pts',(1.41341493646397,-14.2215983162556,-28.3497811631812));
#3468=CARTESIAN_POINT('Ctrl Pts',(1.0185287183486,-14.1160284747498,-28.3755048780618));
#3469=CARTESIAN_POINT('Ctrl Pts',(0.344857613211373,-13.4947643115906,-28.426952307823));
#3470=CARTESIAN_POINT('Ctrl Pts',(0.54291927358567,-12.1270509597887,-28.5041234524647));
#3471=CARTESIAN_POINT('Ctrl Pts',(1.78306916145808,-11.5200699556704,-28.5812945971065));
#3472=CARTESIAN_POINT('Ctrl Pts',(2.98490299253822,-12.1981271784501,-28.6584657417483));
#3473=CARTESIAN_POINT('Ctrl Pts',(3.1053462912946,-13.5735249049202,-28.73563688639));
#3474=CARTESIAN_POINT('Ctrl Pts',(2.03907711763511,-14.4502747282345,-28.8128080310318));
#3475=CARTESIAN_POINT('Ctrl Pts',(0.713015110350948,-14.0668496087968,-28.8899791756735));
#3476=CARTESIAN_POINT('Ctrl Pts',(0.2793571293269,-12.7562634089718,-28.9671503203153));
#3477=CARTESIAN_POINT('Ctrl Pts',(1.11503427229247,-11.657516313853,-29.0443214649571));
#3478=CARTESIAN_POINT('Ctrl Pts',(2.4937980448531,-11.7253819871715,-29.1214926095988));
#3479=CARTESIAN_POINT('Ctrl Pts',(3.21751244698767,-12.9009070252348,-29.1986637542406));
#3480=CARTESIAN_POINT('Ctrl Pts',(2.65725499452471,-14.1625409600199,-29.2758348988824));
#3481=CARTESIAN_POINT('Ctrl Pts',(1.29989810434525,-14.4139203184326,-29.3530060435241));
#3482=CARTESIAN_POINT('Ctrl Pts',(0.324992039062642,-13.4365923983107,-29.4301771881659));
#3483=CARTESIAN_POINT('Ctrl Pts',(0.579738263617736,-12.0798624839027,-29.5073483328076));
#3484=CARTESIAN_POINT('Ctrl Pts',(1.84275974720762,-11.5227394802993,-29.5845194774494));
#3485=CARTESIAN_POINT('Ctrl Pts',(3.0164826580623,-12.2493639548227,-29.6616906220912));
#3486=CARTESIAN_POINT('Ctrl Pts',(3.08093258755654,-13.6283011751336,-29.7388617667329));
#3487=CARTESIAN_POINT('Ctrl Pts',(1.98010384172878,-14.4612305613962,-29.8160329113747));
#3488=CARTESIAN_POINT('Ctrl Pts',(0.670620892485937,-14.0243600177002,-29.8932040560164));
#3489=CARTESIAN_POINT('Ctrl Pts',(0.290440482548119,-12.6972736273031,-29.9703752006582));
#3490=CARTESIAN_POINT('Ctrl Pts',(1.16992816867843,-11.6333390995602,-30.0475463453));
#3491=CARTESIAN_POINT('Ctrl Pts',(2.54483105393967,-11.7568796171185,-30.1247174899417));
#3492=CARTESIAN_POINT('Ctrl Pts',(3.22029213716062,-12.9610298649067,-30.2018886345835));
#3493=CARTESIAN_POINT('Ctrl Pts',(2.60944567599011,-14.198378948944,-30.2790597792252));
#3494=CARTESIAN_POINT('Ctrl Pts',(1.24289178095043,-14.3956810921213,-30.356230923867));
#3495=CARTESIAN_POINT('Ctrl Pts',(0.308627145641454,-13.377340370546,-30.4334020685088));
#3496=CARTESIAN_POINT('Ctrl Pts',(0.515131212919026,-12.4845033257722,-30.4848494982699));
#3497=CARTESIAN_POINT('Ctrl Pts',(0.781883847272631,-12.1747887010635,-30.5105732131505));
#3498=CARTESIAN_POINT('Ctrl Pts',(0.781883847272631,-12.1747887010635,-30.5105732131505));
#3499=CARTESIAN_POINT('Ctrl Pts',(0.744990427784273,-12.2092422517325,-30.5105732131505));
#3500=CARTESIAN_POINT('Ctrl Pts',(0.710469247933324,-12.2459330645967,-30.5105732131505));
#3501=CARTESIAN_POINT('Ctrl Pts',(0.678325406457983,-12.2845417269519,-30.5105732131505));
#3502=CARTESIAN_POINT('Ctrl Pts',(0.644755282920314,-12.3248635275021,-30.5105732131505));
#3503=CARTESIAN_POINT('Ctrl Pts',(0.61377752730997,-12.3672776097062,-30.5105732131505));
#3504=CARTESIAN_POINT('Ctrl Pts',(0.585425772593988,-12.41146976565,-30.5105732131505));
#3505=CARTESIAN_POINT('Ctrl Pts',(0.563217858723405,-12.4460854570873,-30.5105732131505));
#3506=CARTESIAN_POINT('Ctrl Pts',(0.542621632905493,-12.4817932485021,-30.5105732131505));
#3507=CARTESIAN_POINT('Ctrl Pts',(0.523668177884123,-12.5184586801184,-30.5105732131505));
#3508=CARTESIAN_POINT('Ctrl Pts',(0.516521388277289,-12.5322841343857,-30.5105732131505));
#3509=CARTESIAN_POINT('Ctrl Pts',(0.509608317153835,-12.5462458721306,-30.5105732131505));
#3510=CARTESIAN_POINT('Ctrl Pts',(0.502931184328412,-12.560337090003,-30.5105732131505));
#3511=CARTESIAN_POINT('Ctrl Pts',(0.497017027379073,-12.5728181468103,-30.5105732131505));
#3512=CARTESIAN_POINT('Ctrl Pts',(0.491285905723002,-12.5854059159026,-30.5105732131505));
#3513=CARTESIAN_POINT('Ctrl Pts',(0.485752092980761,-12.5980659557222,-30.5105732131505));
#3514=CARTESIAN_POINT('Ctrl Pts',(0.463949089551103,-12.647946012107,-30.5105732131505));
#3515=CARTESIAN_POINT('Ctrl Pts',(0.44516956090224,-12.6990162620635,-30.5105732131505));
#3516=CARTESIAN_POINT('Ctrl Pts',(0.429444632872851,-12.7509463599348,-30.5105732131505));
#3517=CARTESIAN_POINT('Ctrl Pts',(0.413429579372714,-12.8038345699235,-30.5105732131505));
#3518=CARTESIAN_POINT('Ctrl Pts',(0.400582274339094,-12.8576155713287,-30.5105732131505));
#3519=CARTESIAN_POINT('Ctrl Pts',(0.390976337479151,-12.9119748777768,-30.5105732131505));
#3520=CARTESIAN_POINT('Ctrl Pts',(0.384466407530806,-12.9488141035782,-30.5105732131505));
#3521=CARTESIAN_POINT('Ctrl Pts',(0.379446009913419,-12.9859196466468,-30.5105732131505));
#3522=CARTESIAN_POINT('Ctrl Pts',(0.375950571879736,-13.0231989581395,-30.5105732131505));
#3523=CARTESIAN_POINT('Ctrl Pts',(0.374558152400147,-13.0380492970693,-30.5105732131505));
#3524=CARTESIAN_POINT('Ctrl Pts',(0.373407842109377,-13.0529272419705,-30.5105732131505));
#3525=CARTESIAN_POINT('Ctrl Pts',(0.372502375264254,-13.0678270333098,-30.5105732131505));
#3526=CARTESIAN_POINT('Ctrl Pts',(0.371777370733529,-13.0797572506183,-30.5105732131505));
#3527=CARTESIAN_POINT('Ctrl Pts',(0.371209416422699,-13.0917035763885,-30.5105732131505));
#3528=CARTESIAN_POINT('Ctrl Pts',(0.370800394839954,-13.1036405056181,-30.5105732131505));
#3529=CARTESIAN_POINT('Ctrl Pts',(0.368854705923235,-13.1604236972189,-30.5105732131505));
#3530=CARTESIAN_POINT('Ctrl Pts',(0.370493528251287,-13.2171020980623,-30.5105732131505));
#3531=CARTESIAN_POINT('Ctrl Pts',(0.375778954865969,-13.273344078507,-30.5105732131505));
#3532=CARTESIAN_POINT('Ctrl Pts',(0.378445273423674,-13.3017162511079,-30.5105732131505));
#3533=CARTESIAN_POINT('Ctrl Pts',(0.382040327627054,-13.3299777582798,-30.5105732131505));
#3534=CARTESIAN_POINT('Ctrl Pts',(0.386576843734278,-13.3580877045166,-30.5105732131505));
#3535=CARTESIAN_POINT('Ctrl Pts',(0.395317136211212,-13.4122458174414,-30.5105732131505));
#3536=CARTESIAN_POINT('Ctrl Pts',(0.407548767194936,-13.4658416101695,-30.5105732131505));
#3537=CARTESIAN_POINT('Ctrl Pts',(0.423046889125176,-13.5186661637999,-30.5105732131505));
#3538=CARTESIAN_POINT('Ctrl Pts',(0.431620187519728,-13.5478878116145,-30.5105732131505));
#3539=CARTESIAN_POINT('Ctrl Pts',(0.441194015722788,-13.576873451676,-30.5105732131505));
#3540=CARTESIAN_POINT('Ctrl Pts',(0.451736872095721,-13.605586842879,-30.5105732131505));
#3541=CARTESIAN_POINT('Ctrl Pts',(0.454851165841945,-13.6140685988181,-30.5105732131505));
#3542=CARTESIAN_POINT('Ctrl Pts',(0.458049369222208,-13.6225245872887,-30.5105732131505));
#3543=CARTESIAN_POINT('Ctrl Pts',(0.46132719789356,-13.6309455607006,-30.5105732131505));
#3544=CARTESIAN_POINT('Ctrl Pts',(0.481944268924811,-13.6839122726284,-30.5105732131505));
#3545=CARTESIAN_POINT('Ctrl Pts',(0.505741256250821,-13.7355877297378,-30.5105732131505));
#3546=CARTESIAN_POINT('Ctrl Pts',(0.53244213356991,-13.7857542881764,-30.5105732131505));
#3547=CARTESIAN_POINT('Ctrl Pts',(0.55976149247971,-13.8370828718358,-30.5105732131505));
#3548=CARTESIAN_POINT('Ctrl Pts',(0.590121158780194,-13.8868327697623,-30.5105732131505));
#3549=CARTESIAN_POINT('Ctrl Pts',(0.623280497826809,-13.9347654965361,-30.5105732131505));
#3550=CARTESIAN_POINT('Ctrl Pts',(0.645225011362458,-13.9664868879068,-30.5105732131505));
#3551=CARTESIAN_POINT('Ctrl Pts',(0.668396815108537,-13.9974122907631,-30.5105732131505));
#3552=CARTESIAN_POINT('Ctrl Pts',(0.692737760671974,-14.0274682251898,-30.5105732131505));
#3553=CARTESIAN_POINT('Ctrl Pts',(0.706116235667253,-14.0439878203772,-30.5105732131505));
#3554=CARTESIAN_POINT('Ctrl Pts',(0.719848051508309,-14.0602446801864,-30.5105732131505));
#3555=CARTESIAN_POINT('Ctrl Pts',(0.733924600328971,-14.0762259147666,-30.5105732131505));
#3556=CARTESIAN_POINT('Ctrl Pts',(0.743053265826492,-14.0865897721708,-30.5105732131505));
#3557=CARTESIAN_POINT('Ctrl Pts',(0.752328687780927,-14.0968393886476,-30.5105732131505));
#3558=CARTESIAN_POINT('Ctrl Pts',(0.761732467529983,-14.1069543180769,-30.5105732131505));
#3559=CARTESIAN_POINT('Ctrl Pts',(0.802827540232221,-14.1511571568678,-30.5105732131505));
#3560=CARTESIAN_POINT('Ctrl Pts',(0.846430852941274,-14.1928606303723,-30.5105732131505));
#3561=CARTESIAN_POINT('Ctrl Pts',(0.892296433320778,-14.2318046698861,-30.5105732131505));
#3562=CARTESIAN_POINT('Ctrl Pts',(0.917551220943069,-14.2532482761576,-30.5105732131505));
#3563=CARTESIAN_POINT('Ctrl Pts',(0.943492768684565,-14.2738549050926,-30.5105732131505));
#3564=CARTESIAN_POINT('Ctrl Pts',(0.970085706471553,-14.2935775211354,-30.5105732131505));
#3565=CARTESIAN_POINT('Ctrl Pts',(0.982457614380443,-14.3027531297635,-30.5105732131505));
#3566=CARTESIAN_POINT('Ctrl Pts',(0.994970562630305,-14.3117373573622,-30.5105732131505));
#3567=CARTESIAN_POINT('Ctrl Pts',(1.00762124877041,-14.3205252149578,-30.5105732131505));
#3568=CARTESIAN_POINT('Ctrl Pts',(1.01732321616604,-14.3272647314492,-30.5105732131505));
#3569=CARTESIAN_POINT('Ctrl Pts',(1.02710532031816,-14.3338880410199,-30.5105732131505));
#3570=CARTESIAN_POINT('Ctrl Pts',(1.03695757638809,-14.3403875628298,-30.5105732131505));
#3571=CARTESIAN_POINT('Ctrl Pts',(1.08771477919522,-14.3738720301751,-30.5105732131505));
#3572=CARTESIAN_POINT('Ctrl Pts',(1.14038922245448,-14.4041147439041,-30.5105732131505));
#3573=CARTESIAN_POINT('Ctrl Pts',(1.19475305813529,-14.4308413890615,-30.5105732131505));
#3574=CARTESIAN_POINT('Ctrl Pts',(1.2048038904581,-14.4357826340209,-30.5105732131505));
#3575=CARTESIAN_POINT('Ctrl Pts',(1.21491257354684,-14.4406035997699,-30.5105732131505));
#3576=CARTESIAN_POINT('Ctrl Pts',(1.22507780503034,-14.4453024112364,-30.5105732131505));
#3577=CARTESIAN_POINT('Ctrl Pts',(1.26276025928588,-14.4627208781383,-30.5105732131505));
#3578=CARTESIAN_POINT('Ctrl Pts',(1.30121928116689,-14.4784615882798,-30.5105732131505));
#3579=CARTESIAN_POINT('Ctrl Pts',(1.34034820818712,-14.492549468504,-30.5105732131505));
#3580=CARTESIAN_POINT('Ctrl Pts',(0.474779387633947,-12.999099880587,-28.9539928867699));
#3581=CARTESIAN_POINT('Ctrl Pts',(0.474215073559869,-12.9295241329954,-28.9583786979517));
#3582=CARTESIAN_POINT('Ctrl Pts',(0.479489152928973,-12.8600338643018,-28.9627645091335));
#3583=CARTESIAN_POINT('Ctrl Pts',(0.49091298332517,-12.7915699264228,-28.9671503203153));
#3584=CARTESIAN_POINT('Ctrl Pts',(0.557916176982091,-12.3900143772655,-28.9928740351959));
#3585=CARTESIAN_POINT('Ctrl Pts',(0.836475224637278,-12.0237653455593,-29.0185977500765));
#3586=CARTESIAN_POINT('Ctrl Pts',(1.20554871055831,-11.8519517752592,-29.0443214649571));
#3587=CARTESIAN_POINT('Ctrl Pts',(1.57462219647934,-11.6801382049592,-29.0700451798377));
#3588=CARTESIAN_POINT('Ctrl Pts',(2.03421012066622,-11.7027600960654,-29.0957688947183));
#3589=CARTESIAN_POINT('Ctrl Pts',(2.38462314978209,-11.9099918812957,-29.1214926095988));
#3590=CARTESIAN_POINT('Ctrl Pts',(2.73503617889795,-12.117223666526,-29.1472163244794));
#3591=CARTESIAN_POINT('Ctrl Pts',(2.97627431294281,-12.5090653458804,-29.17294003936));
#3592=CARTESIAN_POINT('Ctrl Pts',(3.00351713788808,-12.9152585080218,-29.1986637542406));
#3593=CARTESIAN_POINT('Ctrl Pts',(3.03075996283335,-13.3214516701631,-29.2243874691212));
#3594=CARTESIAN_POINT('Ctrl Pts',(2.84400747867903,-13.7419963150915,-29.2501111840018));
#3595=CARTESIAN_POINT('Ctrl Pts',(2.52440508823863,-13.9941651972911,-29.2758348988824));
#3596=CARTESIAN_POINT('Ctrl Pts',(2.20480269779822,-14.2463340794908,-29.3015586137629));
#3597=CARTESIAN_POINT('Ctrl Pts',(1.75235040107174,-14.3301271989617,-29.3272823286435));
#3598=CARTESIAN_POINT('Ctrl Pts',(1.36363990849472,-14.2091357720101,-29.3530060435241));
#3599=CARTESIAN_POINT('Ctrl Pts',(0.974929415917714,-14.0881443450586,-29.3787297584047));
#3600=CARTESIAN_POINT('Ctrl Pts',(0.649960727490179,-13.7623683716846,-29.4044534732853));
#3601=CARTESIAN_POINT('Ctrl Pts',(0.529934087368926,-13.3733587325963,-29.4301771881659));
#3602=CARTESIAN_POINT('Ctrl Pts',(0.492892803364949,-13.2533069132069,-29.4381157543672));
#3603=CARTESIAN_POINT('Ctrl Pts',(0.475370082306863,-13.1272327558213,-29.4460543205686));
#3604=CARTESIAN_POINT('Ctrl Pts',(0.476281481872042,-13.0009117790232,-29.4539928867699));
#3605=CARTESIAN_POINT('Origin',(1.73999999999503,-13.,-29.5105732131505));
#3606=CARTESIAN_POINT('Origin',(31.739999999995,2.,-39.0105732131505));
#3607=CARTESIAN_POINT('',(33.739999999995,2.,-39.0105732131505));
#3608=CARTESIAN_POINT('',(33.739999999995,2.,-39.0105732131505));
#3609=CARTESIAN_POINT('',(32.739999999995,2.,-39.0105732131505));
#3610=CARTESIAN_POINT('',(32.739999999995,2.,-39.0105732131505));
#3611=CARTESIAN_POINT('',(32.739999999995,-2.36680378648957,-24.5255655311364));
#3612=CARTESIAN_POINT('Origin',(31.739999999995,-8.25,-11.9396350313156));
#3613=CARTESIAN_POINT('',(33.739999999995,0.0851242157858853,-39.5878519422151));
#3614=CARTESIAN_POINT('Origin',(32.739999999995,-1.93073706552825E-28,-8.01057321315053));
#3615=CARTESIAN_POINT('',(32.739999999995,2.,-5.01057321315053));
#3616=CARTESIAN_POINT('',(32.739999999995,2.,-38.0105732131505));
#3617=CARTESIAN_POINT('',(32.739999999995,-18.5,-5.01057321315053));
#3618=CARTESIAN_POINT('',(32.739999999995,-16.5,-5.01057321315053));
#3619=CARTESIAN_POINT('',(32.739999999995,-18.5,-13.6355732131505));
#3620=CARTESIAN_POINT('Origin',(33.739999999995,-5.5,-40.0105732131505));
#3621=CARTESIAN_POINT('',(33.739999999995,-18.5,-40.0105732131505));
#3622=CARTESIAN_POINT('',(33.739999999995,-18.5,-29.6355732131505));
#3623=CARTESIAN_POINT('',(33.739999999995,2.,-40.0105732131505));
#3624=CARTESIAN_POINT('',(33.739999999995,-16.5,-40.0105732131505));
#3625=CARTESIAN_POINT('',(33.739999999995,2.,-40.0105732131505));
#3626=CARTESIAN_POINT('Origin',(10.739999999995,-18.5,-19.2605732131505));
#3627=CARTESIAN_POINT('',(29.739999999995,-18.5,-40.0105732131505));
#3628=CARTESIAN_POINT('',(20.239999999995,-18.5,-40.0105732131505));
#3629=CARTESIAN_POINT('',(7.73999999999504,-18.5,-5.01057321315053));
#3630=CARTESIAN_POINT('',(10.739999999995,-18.5,-5.01057321315053));
#3631=CARTESIAN_POINT('',(7.73999999999504,-18.5,-24.8855732131505));
#3632=CARTESIAN_POINT('',(-3.26000000000497,-18.5,-30.5105732131505));
#3633=CARTESIAN_POINT('',(-3.26000000000497,-18.5,-24.8855732131505));
#3634=CARTESIAN_POINT('',(4.73999999999504,-18.5,-30.5105732131505));
#3635=CARTESIAN_POINT('',(29.739999999995,-18.5,-8.02057321315052));
#3636=CARTESIAN_POINT('Origin',(29.729999999995,-18.5,-8.02057321315053));
#3637=CARTESIAN_POINT('',(29.739999999995,-18.5,-13.6355732131505));
#3638=CARTESIAN_POINT('Origin',(29.739999999995,1.,-40.0105732131505));
#3639=CARTESIAN_POINT('',(29.739999999995,2.,-40.0105732131505));
#3640=CARTESIAN_POINT('',(29.739999999995,-16.5,-40.0105732131505));
#3641=CARTESIAN_POINT('',(30.739999999995,2.,-40.0105732131505));
#3642=CARTESIAN_POINT('Origin',(9.73999999999504,-1.92531247287387,-19.2465732131505));
#3643=CARTESIAN_POINT('',(7.73999999999504,0.0896875271261255,-19.2465732131505));
#3644=CARTESIAN_POINT('Origin',(7.73999999999504,-1.92531247287387,-19.2465732131505));
#3645=CARTESIAN_POINT('',(9.73999999999504,0.0896875271261255,-19.2465732131505));
#3646=CARTESIAN_POINT('Origin',(10.739999999995,-2.40799791318694E-28,-5.01057321315053));
#3647=CARTESIAN_POINT('',(7.73999999999504,2.,-5.01057321315053));
#3648=CARTESIAN_POINT('',(30.739999999995,2.,-5.01057321315053));
#3649=CARTESIAN_POINT('',(7.73999999999504,-2.43166374034357E-28,-5.01057321315053));
#3650=CARTESIAN_POINT('Origin',(7.73999999999504,1.49883571991992E-29,-30.5105732131505));
#3651=CARTESIAN_POINT('',(7.73999999999504,2.,-6.01057321315053));
#3652=CARTESIAN_POINT('Origin',(-3.26000000000496,1.,-30.5105732131505));
#3653=CARTESIAN_POINT('',(-3.26000000000496,2.,-30.5105732131505));
#3654=CARTESIAN_POINT('',(-3.26000000000496,6.31088724176809E-30,-30.5105732131505));
#3655=CARTESIAN_POINT('',(-3.26000000000496,2.,-30.5105732131505));
#3656=CARTESIAN_POINT('Origin',(29.729999999995,-1.95346940728037E-28,-8.02057321315053));
#3657=CARTESIAN_POINT('',(29.739999999995,2.,-8.02057321315053));
#3658=CARTESIAN_POINT('Origin',(29.729999999995,2.,-8.02057321315053));
#3659=CARTESIAN_POINT('',(29.739999999995,-1.95339052118984E-28,-8.02057321315053));
#3660=CARTESIAN_POINT('Origin',(29.739999999995,-1.95440289268488E-28,-8.01057321315053));
#3661=CARTESIAN_POINT('',(29.739999999995,2.,-38.0105732131505));
#3662=CARTESIAN_POINT('Origin',(-1.26000000000496,7.88860905221012E-30,
-30.5105732131505));
#3663=CARTESIAN_POINT('',(-1.26000000000496,2.,-30.5105732131505));
#3664=CARTESIAN_POINT('Origin',(29.739999999995,2.,-23.0105732131505));
#3665=CARTESIAN_POINT('Origin',(20.6906397350085,-16.4999999999999,-19.1855732131665));
#3666=CARTESIAN_POINT('',(11.941279470035,-16.5,-26.1375024384495));
#3667=CARTESIAN_POINT('',(20.6906397350149,-16.4999999999999,-30.3605732131505));
#3668=CARTESIAN_POINT('Origin',(20.6906397350085,-16.4999999999999,-19.1855732131665));
#3669=CARTESIAN_POINT('',(11.941279470035,-18.5,-26.1375024384495));
#3670=CARTESIAN_POINT('',(11.941279470035,-16.5,-26.1375024384495));
#3671=CARTESIAN_POINT('',(20.6906397350149,-18.4999999999999,-30.3605732131505));
#3672=CARTESIAN_POINT('Origin',(20.6906397350085,-18.4999999999999,-19.1855732131665));
#3673=CARTESIAN_POINT('',(20.6906397350149,-16.4999999999999,-30.3605732131505));
#3674=CARTESIAN_POINT('Origin',(10.739999999995,-16.5,-30.3605732131505));
#3675=CARTESIAN_POINT('',(10.739999999995,-16.5,-30.3605732131505));
#3676=CARTESIAN_POINT('',(10.739999999995,-16.5,-30.3605732131505));
#3677=CARTESIAN_POINT('',(10.739999999995,-18.5,-30.3605732131505));
#3678=CARTESIAN_POINT('',(10.739999999995,-18.5,-30.3605732131505));
#3679=CARTESIAN_POINT('',(10.739999999995,-16.5,-30.3605732131505));
#3680=CARTESIAN_POINT('Origin',(10.739999999995,-16.5,-8.01057321315053));
#3681=CARTESIAN_POINT('',(10.739999999995,-16.5,-8.01057321315053));
#3682=CARTESIAN_POINT('',(10.739999999995,-16.5,-30.3605732131505));
#3683=CARTESIAN_POINT('',(10.739999999995,-18.5,-8.01057321315053));
#3684=CARTESIAN_POINT('',(10.739999999995,-18.5,-30.3605732131505));
#3685=CARTESIAN_POINT('',(10.739999999995,-16.5,-8.01057321315053));
#3686=CARTESIAN_POINT('Origin',(20.6906397350149,-16.4999999999999,-8.01057321315033));
#3687=CARTESIAN_POINT('',(20.6906397350149,-16.4999999999999,-8.01057321315033));
#3688=CARTESIAN_POINT('',(20.6906397350149,-16.4999999999999,-8.01057321315033));
#3689=CARTESIAN_POINT('',(20.6906397350149,-18.4999999999999,-8.01057321315033));
#3690=CARTESIAN_POINT('',(20.6906397350149,-18.4999999999999,-8.01057321315033));
#3691=CARTESIAN_POINT('',(20.6906397350149,-16.4999999999999,-8.01057321315033));
#3692=CARTESIAN_POINT('Origin',(20.6906397350085,-16.4999999999999,-19.1855732131665));
#3693=CARTESIAN_POINT('',(11.9412794700253,-16.5,-12.2336439878438));
#3694=CARTESIAN_POINT('Origin',(20.6906397350085,-16.4999999999999,-19.1855732131665));
#3695=CARTESIAN_POINT('',(11.9412794700253,-18.5,-12.2336439878438));
#3696=CARTESIAN_POINT('Origin',(20.6906397350085,-18.4999999999999,-19.1855732131665));
#3697=CARTESIAN_POINT('',(11.9412794700253,-16.5,-12.2336439878438));
#3698=CARTESIAN_POINT('Origin',(11.941279470035,-16.5,-26.1375024384495));
#3699=CARTESIAN_POINT('',(11.941279470035,-16.5,-26.1375024384495));
#3700=CARTESIAN_POINT('',(11.941279470035,-18.5,-26.1375024384495));
#3701=CARTESIAN_POINT('Origin',(15.7153198675049,-18.5,-19.1855732131504));
#3702=CARTESIAN_POINT('Origin',(15.7153198675049,-16.5,-19.1855732131504));
#3703=CARTESIAN_POINT('Origin',(20.9806397350132,-16.5,-19.185573213152));
#3704=CARTESIAN_POINT('',(29.7299999999951,-16.5,-12.2336439878514));
#3705=CARTESIAN_POINT('',(20.9806397350151,-16.5,-8.01057321315058));
#3706=CARTESIAN_POINT('Origin',(20.9806397350132,-16.5,-19.185573213152));
#3707=CARTESIAN_POINT('',(29.7299999999951,-18.5,-12.2336439878514));
#3708=CARTESIAN_POINT('',(29.7299999999951,-16.5,-12.2336439878514));
#3709=CARTESIAN_POINT('',(20.9806397350151,-18.5,-8.01057321315058));
#3710=CARTESIAN_POINT('Origin',(20.9806397350132,-18.5,-19.185573213152));
#3711=CARTESIAN_POINT('',(20.9806397350151,-16.5,-8.01057321315058));
#3712=CARTESIAN_POINT('Origin',(29.729999999995,-16.5,-8.01057321315053));
#3713=CARTESIAN_POINT('',(29.729999999995,-16.5,-8.01057321315053));
#3714=CARTESIAN_POINT('',(29.729999999995,-16.5,-8.01057321315053));
#3715=CARTESIAN_POINT('',(29.729999999995,-18.5,-8.01057321315053));
#3716=CARTESIAN_POINT('',(29.729999999995,-18.5,-8.01057321315053));
#3717=CARTESIAN_POINT('',(29.729999999995,-16.5,-8.01057321315053));
#3718=CARTESIAN_POINT('Origin',(29.7299999999951,-16.5,-12.2336439878514));
#3719=CARTESIAN_POINT('',(29.7299999999951,-16.5,-12.2336439878514));
#3720=CARTESIAN_POINT('',(29.7299999999951,-18.5,-12.2336439878514));
#3721=CARTESIAN_POINT('Origin',(25.355319867505,-18.5,-10.122108600501));
#3722=CARTESIAN_POINT('Origin',(25.355319867505,-16.5,-10.122108600501));
#3723=UNCERTAINTY_MEASURE_WITH_UNIT(LENGTH_MEASURE(0.01),#3727,
'DISTANCE_ACCURACY_VALUE',
'Maximum model space distance between geometric entities at asserted c
onnectivities');
#3724=UNCERTAINTY_MEASURE_WITH_UNIT(LENGTH_MEASURE(0.01),#3727,
'DISTANCE_ACCURACY_VALUE',
'Maximum model space distance between geometric entities at asserted c
onnectivities');
#3725=(
GEOMETRIC_REPRESENTATION_CONTEXT(3)
GLOBAL_UNCERTAINTY_ASSIGNED_CONTEXT((#3723))
GLOBAL_UNIT_ASSIGNED_CONTEXT((#3727,#3729,#3730))
REPRESENTATION_CONTEXT('','3D')
);
#3726=(
GEOMETRIC_REPRESENTATION_CONTEXT(3)
GLOBAL_UNCERTAINTY_ASSIGNED_CONTEXT((#3724))
GLOBAL_UNIT_ASSIGNED_CONTEXT((#3727,#3729,#3730))
REPRESENTATION_CONTEXT('','3D')
);
#3727=(
LENGTH_UNIT()
NAMED_UNIT(*)
SI_UNIT(.MILLI.,.METRE.)
);
#3728=(
LENGTH_UNIT()
NAMED_UNIT(*)
SI_UNIT($,.METRE.)
);
#3729=(
NAMED_UNIT(*)
PLANE_ANGLE_UNIT()
SI_UNIT($,.RADIAN.)
);
#3730=(
NAMED_UNIT(*)
SI_UNIT($,.STERADIAN.)
SOLID_ANGLE_UNIT()
);
#3731=SHAPE_DEFINITION_REPRESENTATION(#3732,#3733);
#3732=PRODUCT_DEFINITION_SHAPE('',$,#3735);
#3733=SHAPE_REPRESENTATION('',(#1302),#3725);
#3734=PRODUCT_DEFINITION_CONTEXT('part definition',#3739,'design');
#3735=PRODUCT_DEFINITION('2026-05-04-01-37-43-947','Prototype_Part_1',#3736,
#3734);
#3736=PRODUCT_DEFINITION_FORMATION('',$,#3741);
#3737=PRODUCT_RELATED_PRODUCT_CATEGORY('Prototype_Part_1',
'Prototype_Part_1',(#3741));
#3738=APPLICATION_PROTOCOL_DEFINITION('international standard',
'automotive_design',2009,#3739);
#3739=APPLICATION_CONTEXT(
'Core Data for Automotive Mechanical Design Process');
#3740=PRODUCT_CONTEXT('part definition',#3739,'mechanical');
#3741=PRODUCT('2026-05-04-01-37-43-947','Prototype_Part_1',$,(#3740));
#3742=PRESENTATION_STYLE_ASSIGNMENT((#3743));
#3743=SURFACE_STYLE_USAGE(.BOTH.,#3744);
#3744=SURFACE_SIDE_STYLE('',(#3745));
#3745=SURFACE_STYLE_FILL_AREA(#3746);
#3746=FILL_AREA_STYLE('Steel - Satin',(#3747));
#3747=FILL_AREA_STYLE_COLOUR('Steel - Satin',#3748);
#3748=COLOUR_RGB('Steel - Satin',0.627450980392157,0.627450980392157,0.627450980392157);
ENDSEC;
END-ISO-10303-21;
